A침o	Mes	Nro. Edicto	Proceso	Expediente	Sentencia	Fecha Radicaci칩n	Fecha Decisi칩n	Fijaci칩n Edicto	Acumulada
2015	Enero	1	D	9441	C-434/13	19/11/2012	10/07/2013	13/01/2015	
2015	Enero	2	D	10272	C-960/14	16/05/2014	10/12/2014	13/01/2015	
2015	Enero	3	D	10283	C-961/14	26/05/2014	10/12/2014	13/01/2015	
2015	Enero	4	D	10229	C-880/14	05/05/2014	19/11/2014	14/01/2015	
2015	Enero	5	D	9996	C-385/14	07/11/2013	25/06/2014	20/01/2015	
2015	Enero	6	D	10165	C-879/14	12/03/2014	19/11/2014	22/01/2015	
2015	Enero	7	D	10176	C-796/14	17/03/2014	30/10/2014	22/01/2015	
2015	Enero	8	D	10273	C-881/14	16/05/2014	19/11/2014	26/01/2015	
2015	Enero	9	PE	41	C-951/14	10/07/2013	04/12/2014	27/01/2015	
2015	Enero	10	D	10313	C-020/15	12/06/2014	21/01/2015	28/01/2015	
2015	Enero	11	D	10062	C-933/14	13/12/2013	03/12/2014	28/01/2015	
2015	Enero	12	D	9590	C-848/14	18/03/2013	12/11/2014	29/01/2015	
2015	Febrero	13	LAT	427	C-947/14	18/12/2013	04/12/2014	02/02/2015	
2015	Febrero	14	D	10279	C-957/14	21/05/2014	10/12/2014	02/02/2015	
2015	Febrero	15	D	10328	C-021/15	01/07/2014	21/01/2015	10/02/2015	
2015	Febrero	16	D	10405	C-022/15	30/07/2014	21/01/2015	10/02/2015	
2015	Febrero	17	D	10243	C-931/14	14/05/2014	03/12/2014	12/02/2015	
2015	Febrero	18	D	10319	C-035/15	16/06/2014	28/01/2015	13/02/2015	
2015	Febrero	19	D	10316	C-017/15	13/06/2014	21/01/2015	13/02/2015	
2015	Febrero	20	D	10105	C-635/14	30/01/2014	03/09/2014	16/02/2015	
2015	Febrero	21	D	9878	C-264/14	27/08/2013	29/04/2014	18/02/2015	02/08/2013
2015	Febrero	22	D	9834	C-235/14	02/08/2013	09/04/2014	20/02/2015	
2015	Febrero	23	D	9930	C-286/14	30/09/2013	20/05/2014	20/02/2015	
2015	Febrero	24	D	10299	C-959/14	04/06/2014	10/12/2014	20/02/2015	
2015	Marzo	25	D	10194	C-786/14	02/04/2014	22/10/2014	04/03/2015	
2015	Marzo	26	D	10234	C-932/14	12/05/2014	03/12/2014	04/03/2015	
2015	Marzo	27	D	10280	C-041/15	22/05/2014	04/02/2015	04/03/2015	
2015	Marzo	28	D	10307	C-044/15	10/06/2014	11/02/2015	04/03/2015	
2015	Marzo	29	D	10324	C-050/15	25/06/2014	11/02/2015	04/03/2015	
2015	Marzo	30	D	10226	C-948/14	28/04/2014	03/12/2014	05/03/2015	
2015	Marzo	31	D	10069	C-665/14	18/12/2013	10/09/2014	13/03/2015	
2015	Marzo	32	D	10404	C-103/15	29/07/2014	11/03/2015	20/03/2015	
2015	Marzo	33	D	10309	C-018/15	10/06/2014	21/01/2015	27/03/2015	
2015	Abril	34	D	10438	C-091/15	26/08/2014	04/03/2015	08/04/2015	
2015	Abril	35	D	10298	C-019/15	03/06/2014	21/01/2015	10/04/2015	
2015	Abril	36	D	10217	C-048/15	21/04/2014	11/02/2015	10/04/2015	
2015	Abril	37	D	10346	C-083/15	11/07/2014	24/02/2015	10/04/2015	
2015	Abril	38	LAT	428	C-049/15	18/12/2013	11/02/2015	10/04/2015	
2015	Abril	39	D	10349	C-102/15	15/07/2014	11/03/2015	10/04/2015	
2015	Abril	40	LAT	432	C-930/14	24/04/2014	03/12/2014	13/04/2015	
2015	Abril	41	D	10138	C-793/14	21/02/2014	29/10/2014	14/04/2015	
2015	Abril	42	D	10225	C-958/14	24/04/2014	10/12/2014	14/04/2015	
2015	Abril	43	D	10442	C-145/15	27/08/2014	06/04/2015	14/04/2015	
2015	Abril	44	LAT	430	C-667/14	18/12/2013	10/09/2014	15/04/2015	
2015	Abril	45	D	10348	C-094/15	15/07/2014	10/03/2015	15/04/2015	
2015	Abril	46	D	10432	C-147/15	21/08/2014	07/04/2015	17/04/2015	
2015	Abril	47	D	10411	C-148/15	04/08/2014	07/04/2015	17/04/2015	
2015	Abril	48	D	10079	C-870/14	16/01/2014	13/11/2014	20/04/2015	
2015	Abril	48	D	10093	C-870/14	24/01/2014	13/11/2014	20/04/2015	31/01/2014
2015	Abril	48	D	10096	C-870/14	27/01/2014	13/11/2014	20/04/2015	31/01/2014
2015	Abril	49	D	10045	C-792/14	04/12/2013	29/10/2014	22/04/2015	
2015	Abril	50	D	10397	C-090/15	28/07/2014	04/03/2015	29/04/2015	
2015	Abril	51	PE	38	C-150/15	04/07/2012	08/04/2015	30/04/2015	
2015	Mayo	52	D	10422	C-166/15	15/08/2014	15/04/2015	04/05/2015	
2015	Mayo	53	D	10461	C-219/15	09/09/2014	22/04/2015	04/05/2015	
2015	Mayo	54	D	9768	C-465/14	28/06/2013	09/07/2014	05/05/2015	
2015	Mayo	55	D	10444	C-165/15	28/08/2014	15/04/2015	05/05/2015	
2015	Mayo	56	D	10118	C-671/14	07/02/2014	10/09/2014	06/05/2015	
2015	Mayo	57	D	10425	C-146/15	15/08/2014	07/04/2015	07/05/2015	
2015	Mayo	58	D	10394	C-142/15	23/07/2014	06/04/2015	08/05/2015	
2015	Mayo	59	D	10481	C-228/15	30/09/2014	29/04/2015	11/05/2015	
2015	Mayo	60	D	10452	C-262/15	04/09/2014	06/05/2015	13/05/2015	
2015	Mayo	61	D	10125	C-052/15	13/02/2014	12/02/2015	13/05/2015	
2015	Mayo	62	D	9509	C-834/13	15/01/2013	20/11/2013	15/05/2015	25/01/2013
2015	Mayo	63	D	9779	C-133/14	09/07/2013	11/03/2014	19/05/2015	
2015	Mayo	64	D	10127	C-669/14	17/02/2014	10/09/2014	19/05/2015	
2015	Mayo	65	LAT	434	C-163/15	02/07/2014	15/04/2015	19/05/2015	
2015	Mayo	66	D	10445	C-218/15	28/08/2014	22/04/2015	19/05/2015	
2015	Mayo	67	D	10462	C-257/15	12/09/2014	06/05/2015	19/05/2015	
2015	Mayo	68	D	10453	C-259/15	05/09/2014	06/05/2015	19/05/2015	
2015	Mayo	69	D	10443	C-260/15	28/08/2014	06/05/2015	19/05/2015	
2015	Mayo	70	D	10528	C-229/15	30/10/2014	29/04/2015	25/05/2015	
2015	Mayo	71	D	10353	C-164/15	16/07/2014	15/04/2015	26/05/2015	
2015	Mayo	72	D	10455	C-284/15	08/09/2014	13/05/2015	27/05/2015	
2015	Mayo	73	D	10465	C-220/15	15/09/2014	22/04/2015	28/05/2015	
2015	Mayo	74	D	10470	C-285/15	17/09/2014	13/05/2015	29/05/2015	
2015	Junio	75	D	10484	C-292/15	03/10/2014	20/05/2015	01/06/2015	
2015	Junio	76	LAT	418	C-217/15	18/07/2013	22/04/2015	03/06/2015	
2015	Junio	77	D	10092	C-227/15	23/01/2014	29/04/2015	10/06/2015	
2015	Junio	78	D	10473	C-291/15	22/09/2014	20/05/2015	12/06/2015	
2015	Junio	79	D	10391	C-261/15	23/07/2014	06/05/2015	12/06/2015	
2015	Junio	80	D	10483	C-329/15	02/10/2014	27/05/2015	16/06/2015	
2015	Junio	81	LAT	436	C-337/15	10/09/2014	03/06/2015	16/06/2015	
2015	Junio	82	D	10519	C-352/15	23/10/2014	10/06/2015	16/06/2015	
2015	Junio	83	D	10489	C-328/15	14/10/2014	27/05/2015	22/06/2015	
2015	Junio	84	D	10514	C-353/15	21/10/2014	10/06/2015	30/06/2015	
2015	Julio	85	D	10536	C-387/15	06/11/2014	24/06/2015	01/07/2015	
2015	Julio	86	LAT	433	C-286/15	26/06/2014	13/05/2015	02/07/2015	
2015	Julio	87	D	10341	C-258/15	09/07/2014	06/05/2015	03/07/2015	
2015	Julio	88	D	10494	C-410/15	17/10/2014	01/07/2015	21/07/2015	
2015	Julio	89	D	10310	C-385/15	11/06/2014	24/06/2015	22/07/2015	
2015	Julio	90	D	10501	C-386/15	21/10/2014	24/06/2015	22/07/2015	
2015	Julio	91	D	10513	C-424/15	21/10/2014	08/07/2015	27/07/2015	
2015	Julio	92	D	10487	C-447/15	09/10/2014	15/07/2015	27/07/2015	
2015	Julio	93	D	10537	C-448/15	06/11/2014	15/07/2015	30/07/2015	
2015	Julio	94	D	10547	C-449/15	19/11/2014	16/07/2015	31/07/2015	
2015	Julio	95	D	10485	C-412/15	03/10/2014	01/07/2015	31/07/2015	
2015	Agosto	96	D	10552	C-457/15	21/11/2014	22/07/2015	06/08/2015	
2015	Agosto	97	D	10563	C-451/15	26/11/2014	16/07/2015	10/08/2015	
2015	Agosto	98	D	10576	C-456/15	28/11/2014	22/07/2015	11/08/2015	
2015	Agosto	99	D	10553	C-474/15	21/11/2014	29/07/2015	13/08/2015	05/12/2014
2015	Agosto	100	D	10497	C-411/15	20/10/2014	01/07/2015	13/08/2015	
2015	Agosto	101	D	10594	C-497/15	09/12/2014	05/08/2015	18/08/2015	
2015	Agosto	102	D	9537	C-354/15	08/02/2013	10/06/2015	18/08/2015	
2015	Agosto	103	D	10607	C-498/15	15/12/2014	05/08/2015	19/08/2015	
2015	Agosto	104	D	10626	C-499/15	15/01/2015	05/08/2015	19/08/2015	
2015	Agosto	105	D	10559	C-492/15	24/11/2014	05/08/2015	19/08/2015	
2015	Agosto	105	D	10581	C-492/15	01/12/2014	05/08/2015	19/08/2015	05/12/2014
2015	Agosto	106	D	10645	C-532/15	28/01/2015	19/08/2015	27/08/2015	
2015	Agosto	107	D	10588	C-531/15	03/12/2014	19/08/2015	28/08/2015	
2015	Agosto	108	D	10629	C-495/15	16/01/2015	05/08/2015	28/08/2015	
2015	Agosto	109	D	10546	C-493/15	18/11/2014	05/08/2015	28/08/2015	
2015	Agosto	110	D	10562	C-494/15	26/11/2014	05/08/2015	28/08/2015	
2015	Septiembre	111	D	10702	C-533/15	24/03/2015	19/08/2015	07/09/2015	
2015	Septiembre	112	D	10613	C-530/15	18/12/2014	19/08/2015	07/09/2015	
2015	Septiembre	113	D	10649	C-561/15	30/01/2015	02/09/2015	08/09/2015	
2015	Septiembre	114	D	10621	C-551/15	13/01/2015	26/08/2015	11/09/2015	
2015	Septiembre	114	D	10627	C-551/15	16/01/2015	26/08/2015	11/09/2015	23/01/2015
2015	Septiembre	115	D	10617	C-585/15	13/01/2015	08/09/2015	21/09/2015	
2015	Septiembre	115	D	10622	C-585/15	13/01/2015	08/09/2015	21/09/2015	23/01/2015
2015	Septiembre	116	D	10120	C-034/15	10/02/2014	28/01/2015	22/09/2015	
2015	Septiembre	117	D	10643	C-562/15	26/01/2015	02/09/2015	22/09/2015	
2015	Septiembre	118	D	10652	C-552/15	06/02/2015	26/08/2015	24/09/2015	
2015	Septiembre	118	D	10653	C-552/15	06/02/2015	26/08/2015	24/09/2015	13/02/2015
2015	Septiembre	119	D	10585	C-458/15	02/12/2014	22/07/2015	25/09/2015	
2015	Septiembre	120	D	10608	C-583/15	15/12/2014	08/09/2015	25/09/2015	
2015	Septiembre	121	D	10665	C-602/15	18/02/2015	16/09/2015	25/09/2015	
2015	Septiembre	122	D	10672	C-601/15	20/02/2015	16/09/2015	28/09/2015	
2015	Octubre	123	D	10624	C-563/15	14/01/2015	02/09/2015	01/10/2015	
2015	Octubre	124	D	10539	C-450/15	10/11/2014	16/07/2015	01/10/2015	
2015	Octubre	125	D	10671	C-612/15	20/02/2015	23/09/2015	01/10/2015	
2015	Octubre	126	D	10400	C-143/15	29/07/2014	06/04/2015	02/10/2015	
2015	Octubre	127	D	10666	C-613/15	18/02/2015	24/09/2015	02/10/2015	
2015	Octubre	128	D	10673	C-619/15	20/02/2015	30/09/2015	05/10/2015	
2015	Octubre	129	D	10655	C-617/15	10/02/2015	30/09/2015	06/10/2015	
2015	Octubre	130	D	10628	C-584/15	16/01/2015	08/09/2015	07/10/2015	23/01/2015
2015	Octubre	131	D	10339	C-516/15	08/07/2014	12/08/2015	08/10/2015	01/08/2014
2015	Octubre	132	D	10679	C-618/15	24/02/2015	30/09/2015	09/10/2015	
2015	Octubre	133	D	10685	C-651/15	04/03/2015	14/10/2015	23/10/2015	
2015	Octubre	134	D	10701	C-654/15	24/03/2015	14/10/2015	23/10/2015	
2015	Octubre	135	D	10619	C-600/15	13/01/2015	16/09/2015	26/10/2015	
2015	Octubre	136	D	10675	C-634/15	23/02/2015	07/10/2015	27/10/2015	
2015	Octubre	137	LAT	437	C-620/15	13/01/2015	30/09/2015	30/10/2015	
2015	Octubre	138	D	10651	C-653/15	04/02/2015	14/10/2015	30/10/2015	
2015	Noviembre	139	D	10451	C-496/15	04/09/2014	05/08/2015	03/11/2015	
2015	Noviembre	140	OG	142	C-656/15	31/01/2012	21/10/2015	04/11/2015	
2015	Noviembre	141	D	9385	C-616/15	30/10/2012	28/09/2015	05/11/2015	
2015	Noviembre	142	D	10392	C-622/15	23/07/2014	30/09/2015	05/11/2015	
2015	Noviembre	143	D	10609	C-621/15	16/12/2014	30/09/2015	06/11/2015	
2015	Noviembre	144	RE	210	C-670/15	08/09/2015	28/10/2015	09/11/2015	
2015	Noviembre	145	RE	214	C-672/15	08/09/2015	28/10/2015	09/11/2015	
2015	Noviembre	146	D	10715	C-673/15	09/04/2015	28/10/2015	20/11/2015	
2015	Noviembre	147	D	10347	C-144/15	14/07/2014	06/04/2015	20/11/2015	
2015	Noviembre	148	RE	217	C-703/15	15/09/2015	18/11/2015	23/11/2015	
2015	Noviembre	149	D	10693	C-669/15	11/03/2015	28/10/2015	25/11/2015	
2015	Noviembre	150	D	10706	C-704/15	06/04/2015	18/11/2015	25/11/2015	
2015	Noviembre	151	D	10852	C-705/15	01/06/2015	18/11/2015	26/11/2015	
2015	Diciembre	152	D	10915	C-674/15	23/07/2015	28/10/2015	01/12/2015	
2015	Diciembre	153	RE	216	C-701/15	15/09/2015	18/11/2015	01/12/2015	
2015	Diciembre	154	RE	211	C-700/15	08/09/2015	18/11/2015	04/12/2015	
2015	Diciembre	155	RE	215	C-722/15	10/09/2015	25/11/2015	04/12/2015	
2015	Diciembre	156	D	10806	C-727/15	19/05/2015	25/11/2015	04/12/2015	
2015	Diciembre	157	D	10742	C-726/15	23/04/2015	25/11/2015	07/12/2015	
2015	Diciembre	158	D	10664	C-637/15	17/02/2015	07/10/2015	07/12/2015	
2015	Diciembre	159	D	10662	C-657/15	16/02/2015	21/10/2015	07/12/2015	
2015	Diciembre	160	D	10698	C-652/15	13/03/2015	14/10/2015	09/12/2015	
2015	Diciembre	161	RE	219	C-724/15	15/09/2015	25/11/2015	11/12/2015	
2015	Diciembre	162	RE	220	C-742/15	07/10/2015	02/12/2015	14/12/2015	
2015	Diciembre	163	OG	139	C-729/15	13/10/2011	25/11/2015	15/12/2015	
2015	Diciembre	164	D	10813	C-741/15	20/05/2015	02/12/2015	15/12/2015	
2015	Diciembre	165	RE	213	C-671/15	08/09/2015	28/10/2015	15/12/2015	
2015	Diciembre	166	D	10686	C-744/15	06/03/2015	02/12/2015	16/12/2015	
2015	Diciembre	167	D	9344	C-623/15	09/10/2012	30/09/2015	18/12/2015	
2016	Enero	1	D	10812	C-728/15	20/05/2015	25/11/2015	12/01/2015	
2016	Enero	2	D	10315	C-071/15	13/06/2014	18/02/2015	12/01/2015	
2016	Enero	3	D	10849	C-754/15	28/05/2015	10/12/2015	14/01/2016	
2016	Enero	4	D	10704	C-720/15	06/04/2015	25/11/2015	21/01/2016	
2016	Enero	5	D	10708	C-750/15	06/04/2015	10/12/2015	22/01/2016	
2016	Enero	5	D	10748	C-750/15	28/04/2015	10/12/2015	22/01/2016	04/05/2015
2016	Enero	6	D	10796	C-725/15	15/05/2015	25/11/2015	26/01/2016	
2016	Enero	7	D	10838	C-743/15	22/05/2015	02/12/2015	26/01/2016	
2016	Enero	8	D	10786	C-745/15	14/05/2015	02/12/2015	28/01/2016	
2016	Enero	9	RE	222	C-753/15	07/10/2015	10/12/2015	29/01/2016	
2016	Febrero	10	RE	212	C-702/15	08/09/2015	18/11/2015	02/02/2016	
2016	Febrero	11	D	10872	C-016/16	18/06/2015	27/01/2016	05/02/2016	
2016	Febrero	12	RE	218	C-723/15	15/09/2015	25/11/2015	05/02/2016	
2016	Febrero	13	RE	221	C-751/15	07/10/2015	10/12/2015	09/02/2016	
2016	Febrero	14	D	10678	C-668/15	24/02/2015	28/10/2015	11/02/2016	
2016	Febrero	15	D	10837	C-006/16	22/05/2015	21/01/2016	11/02/2016	
2016	Febrero	16	D	10862	C-027/16	09/06/2015	03/02/2016	11/02/2016	
2016	Febrero	17	D	10858	C-007/16	05/06/2015	21/01/2016	12/02/2016	
2016	Febrero	18	D	10371	C-683/15	21/07/2014	04/11/2015	15/02/2016	
2016	Febrero	19	D	10744	C-721/15	23/04/2015	25/11/2015	17/02/2016	
2016	Febrero	20	D	10610	C-699/15	18/12/2014	18/11/2015	18/02/2016	
2016	Febrero	21	D	10888	C-054/16	03/07/2015	10/02/2016	18/02/2016	
2016	Febrero	22	D	10864	C-035/16	10/06/2015	08/02/2016	19/02/2016	
2016	Febrero	23	D	10887	C-052/16	03/07/2015	10/02/2016	19/02/2016	
2016	Febrero	24	D	10882	C-055/16	30/07/2015	10/02/2016	29/02/2016	
2016	Marzo	25	D	10980	C-089/16	01/09/2015	24/02/2016	02/03/2016	
2016	Marzo	26	D	9818	C-694/15	29/07/2013	11/11/2015	03/03/2016	
2016	Marzo	27	D	10931	C-105/16	03/08/2015	02/03/2016	03/03/2016	
2016	Marzo	28	D	10688	C-017/16	09/03/2015	27/01/2016	04/03/2016	
2016	Marzo	29	D	10890	C-053/16	07/07/2015	10/02/2016	04/03/2016	
2016	Marzo	29	D	10907	C-053/16	17/07/2015	10/02/2016	04/03/2016	23/07/2015
2016	Marzo	30	D	10884	C-066/16	01/07/2015	17/02/2016	04/03/2016	
2016	Marzo	31	D	10896	C-056/16	09/07/2015	10/02/2016	08/03/2016	
2016	Marzo	32	D	10467	C-752/15	16/09/2014	10/12/2015	10/03/2016	
2016	Marzo	33	LAT	439	C-106/16	29/04/2015	02/03/2016	10/03/2016	
2016	Marzo	34	D	10903	C-084/16	15/07/2015	24/02/2016	10/03/2016	
2016	Marzo	35	D	10902	C-086/16	13/07/2015	24/02/2016	11/03/2016	
2016	Marzo	36	D	10691	C-015/16	11/03/2015	27/01/2016	17/03/2016	
2016	Marzo	37	D	10863	C-087/16	10/06/2015	24/02/2016	17/03/2016	
2016	Marzo	37	D	10869	C-087/16	16/06/2015	24/02/2016	17/03/2016	26/06/2015
2016	Marzo	38	D	10875	C-026/16	19/06/2015	03/02/2016	18/03/2016	
2016	Marzo	39	D	10877	C-088/16	22/06/2015	24/02/2016	18/03/2016	
2016	Abril	40	D	10934	C-134/16	03/08/2015	16/03/2016	01/04/2016	
2016	Abril	41	D	10951	C-135/16	14/08/2015	17/03/2016	01/04/2016	
2016	Abril	42	D	10953	C-136/16	14/08/2015	17/03/2016	01/04/2016	
2016	Abril	43	D	10865	C-068/16	11/06/2015	17/02/2016	06/04/2016	
2016	Abril	44	D	10874	C-067/16	19/06/2015	17/02/2016	08/04/2016	
2016	Abril	45	D	10905	C-085/16	15/07/2015	24/02/2016	12/04/2016	
2016	Abril	46	D	10960	C-158/16	19/08/2015	06/04/2016	15/04/2016	
2016	Abril	47	D	10983	C-183/16	03/09/2015	13/04/2016	18/04/2016	
2016	Abril	48	LAT	440	C-157/16	21/07/2015	06/04/2016	21/04/2016	
2016	Abril	49	D	10835	C-104/16	22/05/2015	02/03/2016	21/04/2016	
2016	Abril	50	D	11007	C-182/16	14/09/2015	13/04/2016	22/04/2016	
2016	Abril	51	D	10950	C-156/16	12/08/2015	06/04/2016	25/04/2016	
2016	Abril	52	D	10943	C-160/16	10/08/2015	06/04/2016	25/04/2016	
2016	Abril	53	D	10969	C-159/16	26/08/2015	06/04/2016	26/04/2016	
2016	Abril	54	D	10957	C-178/16	18/08/2015	13/04/2016	27/04/2016	
2016	Abril	55	D	10985	C-193/16	04/09/2015	20/04/2016	28/04/2016	
2016	Abril	56	PE	44	C-154/16	02/07/2015	31/03/2016	28/04/2016	
2016	Abril	57	D	10894	C-126/16	09/07/2015	09/03/2016	29/04/2016	
2016	Abril	58	D	10940	C-180/16	06/08/2015	13/04/2016	29/04/2016	
2016	Abril	59	D	10946	C-181/16	11/08/2015	13/04/2016	29/04/2016	
2016	Abril	60	D	10911	C-155/16	22/07/2015	31/03/2016	29/04/2016	
2016	Mayo	61	D	10973	C-179/16	31/08/2015	13/04/2016	03/05/2016	
2016	Mayo	62	LAT	438	C-184/16	13/01/2015	14/04/2016	03/05/2016	
2016	Mayo	63	D	10886	C-069/16	03/07/2015	18/02/2016	12/05/2016	
2016	Mayo	64	LAT	435	C-210/16	08/07/2014	27/04/2016	13/05/2016	
2016	Mayo	65	D	10970	C-208/16	26/08/2015	27/04/2016	13/05/2016	
2016	Mayo	66	D	11032	C-206/16	17/09/2015	27/04/2016	18/05/2016	
2016	Mayo	67	D	11049	C-207/16	28/09/2015	27/04/2016	18/05/2016	
2016	Mayo	68	D	10965	C-191/16	24/08/2015	20/04/2016	23/05/2016	
2016	Mayo	69	D	10992	C-204/16	09/09/2015	27/04/2016	24/05/2016	
2016	Mayo	70	D	10913	C-177/16	22/07/2015	13/04/2016	26/05/2016	
2016	Mayo	71	D	10891	C-259/16	08/07/2015	18/05/2016	27/05/2016	
2016	Mayo	72	D	11076	C-261/16	09/10/2015	18/05/2016	27/05/2016	
2016	Junio	73	D	11065	C-233/16	05/10/2015	11/05/2016	02/06/2016	
2016	Junio	74	D	11030	C-262/16	16/09/2015	18/05/2016	03/06/2016	
2016	Junio	75	D	11040	C-205/16	21/09/2015	27/04/2016	08/06/2016	
2016	Junio	76	D	11069	C-234/16	06/10/2015	11/05/2016	09/06/2016	
2016	Junio	77	OG	149	C-284/16	18/12/2015	01/06/2016	09/06/2016	
2016	Junio	78	D	11026	C-258/16	15/09/2015	18/05/2016	13/06/2016	
2016	Junio	79	OG	144	C-202/16	12/07/2012	27/04/2016	14/06/2016	
2016	Junio	80	D	10914	C-223/16	22/07/2015	04/05/2016	21/06/2016	
2016	Junio	80	D	10932	C-223/16	03/08/2015	04/05/2016	21/06/2016	10/08/2015
2016	Junio	81	D	10885	C-209/16	01/07/2015	27/04/2016	21/06/2016	
2016	Junio	82	D	10974	C-192/16	31/08/2015	20/04/2016	24/06/2016	
2016	Junio	83	D	10987	C-260/16	04/09/2015	18/05/2016	24/06/2016	
2016	Junio	84	D	11056	C-272/16	30/09/2015	25/05/2016	27/06/2016	
2016	Junio	85	D	11099	C-274/16	26/10/2015	25/05/2016	27/06/2016	
2016	Junio	86	D	11075	C-273/16	09/10/2015	25/05/2016	27/06/2016	
2016	Junio	87	D	11027	C-297/16	15/09/2015	08/06/2016	27/06/2016	02/10/2015
2016	Junio	88	D	11000	C-263/16	14/09/2015	18/05/2016	28/06/2016	
2016	Julio	89	D	10945	C-161/16	11/08/2015	07/04/2016	01/07/2016	
2016	Julio	90	D	10981	C-299/16	01/09/2015	08/06/2016	01/07/2016	
2016	Julio	91	D	11123	C-329/16	06/11/2015	22/06/2016	01/07/2016	
2016	Julio	92	D	11097	C-300/16	23/10/2015	09/06/2016	01/07/2016	
2016	Julio	93	D	11058	C-327/16	30/09/2015	22/06/2016	05/07/2016	
2016	Julio	94	D	11022	C-231/16	15/09/2015	11/05/2016	06/07/2016	
2016	Julio	95	D	11168	C-338/16	26/11/2015	29/06/2016	08/07/2016	
2016	Julio	96	D	11077	C-328/16	09/10/2015	22/06/2016	08/07/2016	
2016	Julio	97	D	10901	C-232/16	13/07/2015	11/05/2016	13/07/2016	
2016	Julio	98	D	10935	C-298/16	05/08/2015	08/06/2016	13/07/2016	
2016	Julio	99	D	11106	C-330/16	28/10/2015	23/06/2016	14/07/2016	
2016	Julio	100	D	11152	C-361/16	19/11/2015	07/07/2016	21/07/2016	
2016	Agosto	101	D	11110	C-337/16	30/10/2015	29/06/2016	01/08/2016	
2016	Agosto	102	D	11116	C-336/16	03/11/2015	29/06/2016	01/08/2016	
2016	Agosto	103	D	11153	C-358/16	23/11/2015	07/07/2016	01/08/2016	
2016	Agosto	104	D	11015	C-224/16	14/09/2015	04/05/2016	04/08/2016	
2016	Agosto	105	D	11155	C-390/16	23/11/2015	27/07/2016	09/08/2016	
2016	Agosto	106	D	10948	C-257/16	12/08/2015	18/05/2016	10/08/2016	
2016	Agosto	107	PE	45	C-379/16	18/12/2015	18/07/2016	16/08/2016	
2016	Agosto	108	D	10959	C-326/16	19/08/2015	22/06/2016	18/08/2016	
2016	Agosto	109	D	11062	C-335/16	02/10/2015	29/06/2016	18/08/2016	
2016	Agosto	110	D	11129	C-422/16	09/11/2015	10/08/2016	23/08/2016	
2016	Agosto	111	D	11172	C-389/16	27/11/2015	27/07/2016	24/08/2016	
2016	Agosto	112	D	11204	C-403/16	12/01/2016	03/08/2016	24/08/2016	
2016	Agosto	113	D	11196	C-404/16	18/12/2015	03/08/2016	25/08/2016	
2016	Agosto	114	D	11203	C-405/16	12/01/2016	03/08/2016	25/08/2016	
2016	Septiembre	115	D	10958	C-221/16	18/08/2015	04/05/2016	01/09/2016	
2016	Septiembre	116	D	10918	C-230/16	27/07/2015	11/05/2016	01/09/2016	
2016	Septiembre	117	D	11025	C-225/16	15/09/2015	04/05/2016	02/09/2016	
2016	Septiembre	118	D	10990	C-285/16	08/09/2015	01/06/2016	07/09/2016	
2016	Septiembre	119	D	11061	C-360/16	01/10/2015	07/07/2016	08/09/2016	
2016	Septiembre	120	D	10941	C-359/16	06/08/2015	07/07/2016	09/09/2016	
2016	Septiembre	121	D	11205	C-452/16	13/01/2016	24/08/2016	09/09/2016	
2016	Septiembre	122	D	11218	C-441/16	21/01/2016	17/08/2016	09/09/2016	
2016	Septiembre	123	D	11236	C-471/16	05/02/2016	31/08/2016	09/09/2016	
2016	Septiembre	123	D	11241	C-471/16	10/02/2016	31/08/2016	09/09/2016	19/02/2016
2016	Septiembre	124	D	11167	C-440/16	26/11/2015	17/08/2016	12/09/2016	
2016	Septiembre	125	D	11256	C-473/16	17/02/2016	31/08/2016	13/09/2016	
2016	Septiembre	126	D	11283	C-474/16	08/03/2016	31/08/2016	13/09/2016	
2016	Septiembre	127	D	11267	C-472/16	26/02/2016	31/08/2016	19/09/2016	
2016	Septiembre	128	D	11217	C-451/16	20/01/2016	24/08/2016	21/09/2016	
2016	Septiembre	129	D	11207	C-468/16	13/01/2016	31/08/2016	21/09/2016	
2016	Septiembre	130	D	11201	C-495/16	18/12/2015	14/09/2016	23/09/2016	
2016	Septiembre	131	D	11249	C-491/16	12/02/2016	14/09/2016	26/09/2016	
2016	Octubre	132	D	11231	C-493/16	01/02/2016	14/09/2016	07/10/2016	
2016	Octubre	133	D	11357	C-540/16	04/04/2016	05/10/2016	07/10/2016	
2016	Octubre	134	D	11244	C-486/16	10/02/2016	07/09/2016	10/10/2016	
2016	Octubre	135	D	11293	C-539/16	11/03/2016	05/10/2016	10/10/2016	
2016	Octubre	136	D	11287	C-538/16	09/03/2016	05/10/2016	10/10/2016	
2016	Octubre	137	D	11158	C-372/16	24/11/2015	13/07/2016	11/10/2016	
2016	Octubre	138	D	11208	C-423/16	13/01/2016	10/08/2016	12/10/2016	
2016	Octubre	139	D	10906	C-203/16	16/07/2015	27/04/2016	13/10/2016	
2016	Octubre	140	D	11294	C-520/16	14/03/2016	21/09/2016	19/10/2016	
2016	Octubre	141	D	11274	C-534/16	03/03/2016	05/10/2016	19/10/2016	
2016	Octubre	142	D	11315	C-554/16	18/03/2016	12/10/2016	20/10/2016	
2016	Octubre	142	D	11326	C-554/16	18/03/2016	12/10/2016	20/10/2016	08/04/2016
2016	Octubre	142	D	11343	C-554/16	29/03/2016	12/10/2016	20/10/2016	08/04/2016
2016	Octubre	142	D	11344	C-554/16	29/03/2016	12/10/2016	20/10/2016	08/04/2016
2016	Octubre	142	D	11353	C-554/16	31/03/2016	12/10/2016	20/10/2016	08/04/2016
2016	Octubre	143	D	11245	C-497/16	10/02/2016	14/09/2016	24/10/2016	
2016	Octubre	144	D	11035	C-388/16	17/09/2015	27/07/2016	25/10/2016	
2016	Octubre	145	D	11227	C-516/16	29/01/2016	21/09/2016	31/10/2016	
2016	Octubre	146	D	11291	C-553/16	10/03/2016	12/10/2016	31/10/2016	
2016	Noviembre	147	D	11139	C-494/16	12/11/2015	14/09/2016	01/11/2016	
2016	Noviembre	148	D	11345	C-567/16	29/03/2016	19/10/2016	02/11/2016	
2016	Noviembre	149	D	11185	C-519/16	11/12/2015	21/09/2016	02/11/2016	
2016	Noviembre	150	D	11192	C-470/16	16/12/2015	31/08/2016	02/11/2016	
2016	Noviembre	151	D	11261	C-536/16	24/02/2016	05/10/2016	02/11/2016	
2016	Noviembre	152	D	11389	C-571/16	20/04/2016	19/10/2016	03/11/2016	
2016	Noviembre	153	D	11257	C-535/16	19/02/2016	05/10/2016	03/11/2016	
2016	Noviembre	154	D	11289	C-541/16	09/03/2016	05/10/2016	03/11/2016	
2016	Noviembre	155	D	11380	C-585/16	15/04/2016	26/10/2016	03/11/2016	
2016	Noviembre	156	D	11175	C-453/16	03/12/2015	24/08/2016	04/11/2016	
2016	Noviembre	157	D	11322	C-584/16	18/03/2016	26/10/2016	11/11/2016	
2016	Noviembre	158	D	11269	C-583/16	29/02/2016	26/10/2016	11/11/2016	
2016	Noviembre	159	D	11354	C-552/16	01/04/2016	12/10/2016	11/11/2016	
2016	Noviembre	160	D	11396	C-604/16	25/04/2016	02/11/2016	11/11/2016	
2016	Noviembre	160	D	11403	C-604/16	27/04/2016	02/11/2016	11/11/2016	06/05/2016
2016	Noviembre	161	D	11271	C-537/16	01/03/2016	05/10/2016	15/11/2016	
2016	Noviembre	162	D	11258	C-496/16	22/02/2016	14/09/2016	16/11/2016	
2016	Noviembre	163	D	11304	C-551/16	16/03/2016	12/10/2016	17/11/2016	
2016	Noviembre	164	D	11306	C-568/16	16/03/2016	19/10/2016	17/11/2016	
2016	Noviembre	165	D	11214	C-469/16	15/01/2016	31/08/2016	18/11/2016	
2016	Noviembre	166	D	11374	C-620/16	12/04/2016	10/11/2016	21/11/2016	
2016	Noviembre	167	D	11100	C-421/16	26/10/2015	10/08/2016	24/11/2016	
2016	Noviembre	168	D	11220	C-555/16	25/01/2016	12/10/2016	24/11/2016	
2016	Noviembre	169	D	11407	C-634/16	02/05/2016	16/11/2016	25/11/2016	
2016	Noviembre	170	D	11339	C-586/16	28/03/2016	26/10/2016	30/11/2016	
2016	Noviembre	171	D	11392	C-603/16	21/04/2016	02/11/2016	30/11/2016	
2016	Noviembre	172	D	11369	C-645/16	08/04/2016	23/11/2016	30/11/2016	
2016	Diciembre	173	D	11370	C-635/16	08/04/2016	16/11/2016	02/12/2016	
2016	Diciembre	174	D	11314	C-569/16	18/03/2016	19/10/2016	14/12/2016	
2016	Diciembre	175	D	11487	C-666/16	01/06/2016	30/11/2016	16/12/2016	
2016	Diciembre	176	D	11050	C-286/16	28/09/2015	01/06/2016	19/12/2016	
2016	Diciembre	177	D	11601	C-699/16	01/08/2016	13/12/2016	19/12/2016	
2016	Diciembre	178	D	11057	C-393/16	30/09/2015	28/07/2016	19/12/2016	
2017	Enero	1	D	11213	C-439/16	14/01/2016	17/08/2016	11/01/2017	
2017	Enero	2	D	11400	C-658/16	25/04/2016	28/11/2016	11/01/2017	
2017	Enero	3	D	11473	C-665/16	27/05/2016	30/11/2016	11/01/2017	
2017	Enero	4	D	11458	C-668/16	18/05/2016	30/11/2016	13/01/2017	
2017	Enero	5	D	11355	C-636/16	01/04/2016	17/11/2016	20/01/2017	
2017	Enero	6	D	11519	C-007/17	22/06/2016	18/01/2017	23/01/2017	
2017	Enero	7	D	11477	C-008/17	27/05/2016	18/01/2017	23/01/2017	
2017	Enero	8	D	11474	C-005/17	27/05/2016	18/01/2017	26/01/2017	
2017	Enero	9	D	11191	C-401/16	16/12/2015	03/08/2016	26/01/2017	
2017	Enero	10	D	11320	C-570/16	18/03/2016	19/10/2016	27/01/2017	
2017	Enero	10	D	11327	C-570/16	18/03/2016	19/10/2016	27/01/2017	08/04/2016
2017	Enero	11	D	11323	C-646/16	18/03/2016	23/11/2016	27/01/2017	
2017	Febrero	12	D	11481	C-006/17	31/05/2016	18/01/2017	02/02/2017	
2017	Febrero	13	D	11412	C-667/16	03/05/2016	30/11/2016	06/02/2017	
2017	Febrero	14	D	11522	C-045/17	23/06/2016	01/02/2017	06/02/2017	
2017	Febrero	15	D	11479	C-664/16	31/05/2016	30/11/2016	06/02/2017	
2017	Febrero	16	D	11266	C-518/16	26/02/2016	21/09/2016	07/02/2017	
2017	Febrero	17	D	10947	C-373/16	12/08/2015	13/07/2016	08/02/2017	
2017	Febrero	18	D	11460	C-004/17	19/05/2016	18/01/2017	10/02/2017	
2017	Febrero	19	D	11332	C-602/16	28/03/2016	02/11/2016	10/02/2017	
2017	Febrero	20	D	11498	C-043/17	10/06/2016	01/02/2017	13/02/2017	
2017	Febrero	21	D	11399	C-003/17	25/04/2016	18/01/2017	14/02/2017	
2017	Febrero	22	D	11480	C-042/17	31/05/2016	01/02/2017	14/02/2017	
2017	Febrero	23	D	11433	C-044/17	11/05/2016	01/02/2017	17/02/2017	
2017	Febrero	24	D	11105	C-078/17	27/10/2015	09/02/2017	17/02/2017	
2017	Febrero	25	D	11272	C-092/17	02/03/2016	15/02/2017	22/02/2017	
2017	Febrero	26	D	11535	C-096/17	30/06/2016	15/02/2017	24/02/2017	
2017	Febrero	27	D	11576	C-113/17	21/07/2016	22/02/2017	27/02/2017	
2017	Marzo	28	D	11593	C-095/17	26/07/2016	15/02/2017	07/03/2017	
2017	Marzo	29	D	11539	C-094/17	01/07/2016	15/02/2017	08/03/2017	
2017	Marzo	30	D	11430	C-032/17	11/05/2016	25/01/2017	08/03/2017	
2017	Marzo	31	D	11309	C-031/17	17/03/2016	25/01/2017	08/03/2017	
2017	Marzo	32	LAT	441	C-047/17	23/05/2016	01/02/2017	08/03/2017	
2017	Marzo	33	D	11527	C-110/17	24/06/2016	22/02/2017	09/03/2017	
2017	Marzo	34	D	11506	C-091/17	14/06/2016	15/02/2017	09/03/2017	
2017	Marzo	35	D	11569	C-147/17	18/07/2016	08/03/2017	10/03/2017	
2017	Marzo	36	D	11600	C-146/17	29/07/2016	08/03/2017	15/03/2017	
2017	Marzo	37	D	11275	C-077/17	04/03/2016	08/02/2017	22/03/2017	
2017	Marzo	37	D	11276	C-077/17	04/03/2016	08/02/2017	22/03/2017	18/03/2016
2017	Marzo	38	D	11533	C-112/17	30/06/2016	22/02/2017	23/03/2017	
2017	Marzo	39	D	11561	C-167/17	14/07/2016	15/03/2017	23/03/2017	
2017	Marzo	40	D	11564	C-136/17	15/07/2016	01/03/2017	30/03/2017	
2017	Marzo	41	D	11431	C-647/17	11/05/2016	23/11/2016	31/03/2017	
2017	Abril	42	D	11690	C-191/17	14/09/2016	29/03/2017	03/04/2017	
2017	Abril	43	D	11695	C-192/17	15/09/2016	29/03/2017	04/04/2017	
2017	Abril	44	D	11364	C-659/16	05/04/2016	28/11/2016	04/04/2017	
2017	Abril	45	RDL	2	C-174/17	27/01/2017	22/03/2017	06/04/2017	
2017	Abril	46	D	11147	C-492/16	18/11/2015	14/09/2016	06/04/2017	
2017	Abril	47	D	11587	C-172/17	25/07/2016	22/03/2017	06/04/2017	
2017	Abril	48	D	11232	C-644/16	02/02/2016	23/11/2016	07/04/2017	
2017	Abril	49	D	11799	C-215/17	19/10/2016	05/04/2017	17/04/2017	
2017	Abril	50	D	11524	C-046/17	23/06/2016	01/02/2017	19/04/2017	
2017	Abril	51	D	11485	C-111/17	01/06/2016	22/02/2017	20/04/2017	
2017	Abril	52	LAT	442	C-214/17	12/07/2016	05/04/2017	20/04/2017	
2017	Abril	53	RDL	1	C-160/17	11/01/2017	09/03/2017	20/04/2017	
2017	Abril	54	D	11662	C-219/17	05/09/2016	19/04/2017	21/04/2017	
2017	Abril	55	D	11476	C-048/17	27/05/2016	02/02/2017	24/04/2017	
2017	Abril	56	OG	148	C-633/16	28/10/2015	16/11/2016	24/04/2017	
2017	Abril	57	D	11509	C-093/17	16/06/2016	15/02/2017	27/04/2017	
2017	Mayo	58	D	11528	C-108/17	27/06/2016	22/02/2017	05/05/2017	
2017	Mayo	59	D	11627	C-247/17	11/08/2016	26/04/2017	08/05/2017	
2017	Mayo	60	D	11685	C-221/17	13/09/2016	19/04/2017	08/05/2017	
2017	Mayo	61	D	11660	C-190/17	01/09/2016	29/03/2017	09/05/2017	
2017	Mayo	62	D	11197	C-402/16	18/12/2015	03/08/2016	10/05/2017	
2017	Mayo	63	D	11443	C-041/17	13/05/2016	01/02/2017	10/05/2017	
2017	Mayo	63	D	11467	C-041/17	24/05/2016	01/02/2017	10/05/2017	27/05/2016
2017	Mayo	64	D	11641	C-213/17	23/08/2016	05/04/2017	12/05/2017	
2017	Mayo	65	D	11669	C-286/17	07/09/2016	03/05/2017	15/05/2017	
2017	Mayo	66	D	11589	C-115/17	25/07/2016	22/02/2017	15/05/2017	
2017	Mayo	67	D	11581	C-114/17	22/07/2016	22/02/2017	15/05/2017	
2017	Mayo	68	D	11620	C-246/17	09/08/2016	26/04/2017	16/05/2017	
2017	Mayo	69	D	11697	C-248/17	16/09/2016	26/04/2017	17/05/2017	
2017	Mayo	70	D	11656	C-109/17	31/08/2016	23/02/2017	17/05/2017	
2017	Mayo	71	D	11523	C-107/17	23/06/2016	22/02/2017	18/05/2017	
2017	Mayo	72	D	11648	C-225/17	29/08/2016	20/04/2017	19/05/2017	
2017	Mayo	73	RDL	4	C-253/17	15/02/2017	27/04/2017	22/05/2017	
2017	Mayo	74	D	11626	C-220/17	10/08/2016	19/04/2017	25/05/2017	
2017	Mayo	75	D	11673	C-346/17	08/09/2016	24/05/2017	26/05/2017	
2017	Mayo	76	D	11614	C-189/17	08/08/2016	29/03/2017	30/05/2017	
2017	Mayo	77	D	11787	C-348/17	19/10/2016	24/05/2017	30/05/2017	
2017	Junio	78	D	11742	C-349/17	30/09/2016	25/05/2017	01/06/2017	
2017	Junio	79	D	11630	C-212/17	12/08/2016	05/04/2017	05/06/2017	
2017	Junio	80	D	11653	C-332/17	30/08/2016	17/05/2017	06/06/2017	
2017	Junio	81	D	11665	C-351/17	07/09/2016	25/05/2017	07/06/2017	
2017	Junio	82	D	11788	C-312/17	19/10/2016	11/05/2017	15/06/2017	
2017	Junio	83	D	11664	C-309/17	07/09/2016	10/05/2017	15/06/2017	
2017	Junio	83	D	11675	C-309/17	08/09/2016	10/05/2017	15/06/2017	23/09/2016
2017	Junio	83	D	11687	C-309/17	13/09/2016	10/05/2017	15/06/2017	23/09/2016
2017	Junio	84	D	11726	C-387/17	26/09/2016	14/06/2017	16/06/2017	
2017	Junio	85	D	11789	C-388/17	19/10/2016	14/06/2017	16/06/2017	
2017	Junio	86	D	11762	C-333/17	11/10/2016	17/05/2017	22/06/2017	
2017	Junio	87	RDL	7	C-331/17	24/02/2017	17/05/2017	22/06/2017	
2017	Junio	88	D	11681	C-284/17	12/09/2016	03/05/2017	22/06/2017	
2017	Junio	89	D	11831	C-385/17	27/10/2016	14/06/2017	23/06/2017	
2017	Junio	90	OG	150	C-358/17	04/02/2016	30/05/2017	23/06/2017	
2017	Junio	91	D	11676	C-283/17	09/09/2016	03/05/2017	29/06/2017	
2017	Julio	92	D	11758	C-345/17	10/10/2016	24/05/2017	04/07/2017	
2017	Julio	93	D	11686	C-352/17	13/09/2016	25/05/2017	04/07/2017	
2017	Julio	94	D	11703	C-353/17	20/09/2016	25/05/2017	04/07/2017	
2017	Julio	95	D	11638	C-211/17	22/08/2016	05/04/2017	04/07/2017	
2017	Julio	96	D	11329	C-171/17	28/03/2016	22/03/2017	04/07/2017	
2017	Julio	97	D	11652	C-287/17	29/08/2016	03/05/2017	07/07/2017	
2017	Julio	98	D	11709	C-344/17	21/09/2016	24/05/2017	07/07/2017	
2017	Julio	99	D	11671	C-343/17	08/09/2016	24/05/2017	07/07/2017	
2017	Julio	100	D	11883	C-390/17	28/11/2016	14/06/2017	12/07/2017	
2017	Julio	101	D	11833	C-389/17	28/10/2016	14/06/2017	13/07/2017	
2017	Julio	102	D	11744	C-391/17	03/10/2016	15/06/2017	13/07/2017	
2017	Julio	103	RE	224	C-409/17	24/04/2017	28/06/2017	14/07/2017	
2017	Julio	104	RPZ	2	C-408/17	07/03/2017	28/06/2017	14/07/2017	
2017	Julio	105	RE	229	C-434/17	08/05/2017	12/07/2017	17/07/2017	
2017	Julio	106	D	11713	C-384/17	22/09/2016	14/06/2017	17/07/2017	
2017	Julio	107	D	11667	C-282/17	07/09/2016	03/05/2017	21/07/2017	
2017	Julio	108	D	11705	C-285/17	20/09/2016	03/05/2017	21/07/2017	
2017	Julio	109	D	11582	C-176/17	22/07/2016	23/03/2017	21/07/2017	
2017	Julio	109	D	11586	C-176/17	22/07/2016	23/03/2017	21/07/2017	01/08/2016
2017	Julio	110	RE	226	C-467/17	08/05/2017	19/07/2017	24/07/2017	
2017	Julio	111	D	11717	C-334/17	23/09/2016	17/05/2017	24/07/2017	
2017	Julio	111	D	11760	C-334/17	11/10/2016	17/05/2017	24/07/2017	14/10/2016
2017	Julio	112	D	11472	C-249/17	25/05/2016	26/04/2017	24/07/2017	
2017	Julio	113	RE	228	C-466/17	08/05/2017	19/07/2017	27/07/2017	
2017	Julio	114	OG	151	C-432/17	27/04/2017	12/07/2017	28/07/2017	
2017	Agosto	115	RDL	11	C-438/17	27/04/2017	13/07/2017	02/08/2017	
2017	Agosto	116	D	11512	C-290/17	17/06/2016	05/05/2017	16/08/2017	
2017	Agosto	117	RE	227	C-517/17	08/05/2017	10/08/2017	28/08/2017	
2017	Agosto	118	RDL	3	C-224/17	09/02/2017	20/04/2017	31/08/2017	
2017	Septiembre	119	D	11779	C-383/17	14/10/2016	14/06/2017	04/09/2017	
2017	Septiembre	120	D	11751	C-288/17	05/10/2016	03/05/2017	05/09/2017	
2017	Septiembre	121	RE	230	C-465/17	08/05/2017	19/07/2017	06/09/2017	
2017	Septiembre	122	RDL	15	C-469/17	18/05/2017	19/07/2017	11/09/2017	
2017	Septiembre	123	RE	223	C-386/17	07/04/2017	14/06/2017	12/09/2017	
2017	Septiembre	124	RDL	24	C-535/17	30/05/2017	17/08/2017	19/09/2017	
2017	Septiembre	125	D	11731	C-571/17	28/09/2016	13/09/2017	21/09/2017	
2017	Septiembre	126	RDL	21	C-470/17	30/05/2017	19/07/2017	25/09/2017	
2017	Septiembre	127	RDL	30	C-554/17	30/05/2017	30/08/2017	26/09/2017	
2017	Octubre	128	D	11604	C-223/17	02/08/2016	20/04/2017	05/10/2017	
2017	Octubre	128	D	11611	C-223/17	05/08/2016	20/04/2017	05/10/2017	12/08/2016
2017	Octubre	129	RDL	23	C-541/17	30/05/2017	24/08/2017	06/10/2017	
2017	Octubre	130	RDL	20	C-608/17	30/05/2017	03/10/2017	12/10/2017	
2017	Octubre	131	D	11781	C-609/17	18/10/2016	03/10/2017	12/10/2017	
2017	Octubre	132	RDL	17	C-607/17	30/05/2017	03/10/2017	12/10/2017	
2017	Octubre	133	RDL	29	C-493/17	30/05/2017	03/08/2017	13/10/2017	
2017	Octubre	134	RDL	25	C-570/17	30/05/2017	13/09/2017	26/10/2017	
2017	Octubre	135	RDL	27	C-527/17	30/05/2017	14/08/2017	26/10/2017	
2017	Octubre	136	RDL	19	C-565/17	30/05/2017	08/09/2017	27/10/2017	
2017	Noviembre	137	D	11545	C-166/17	05/07/2016	15/03/2017	01/11/2017	
2017	Noviembre	138	D	11852	C-645/17	08/11/2016	18/10/2017	03/11/2017	
2017	Noviembre	139	D	11785	C-394/17	18/10/2016	21/06/2017	03/11/2017	
2017	Noviembre	140	RDL	32	C-569/17	30/05/2017	13/09/2017	08/11/2017	
2017	Noviembre	141	RDL	16	C-644/17	26/05/2017	18/10/2017	14/11/2017	
2017	Noviembre	142	D	11745	C-359/17	03/10/2016	30/05/2017	16/11/2017	
2017	Noviembre	143	D	11950	C-676/17	03/02/2017	15/11/2017	24/11/2017	
2017	Noviembre	144	RE	225	C-437/17	27/04/2017	13/07/2017	27/11/2017	
2017	Noviembre	145	D	11937	C-688/17	27/01/2017	22/11/2017	29/11/2017	
2017	Noviembre	146	D	11987	C-689/17	20/02/2017	22/11/2017	29/11/2017	
2017	Diciembre	147	PE	46	C-484/17	06/07/2016	26/07/2017	11/12/2017	
2017	Diciembre	148	D	11571	C-135/17	19/07/2016	01/03/2017	14/12/2017	
2017	Diciembre	149	D	11672	C-342/17	08/09/2016	24/05/2017	14/12/2017	
2017	Diciembre	150	RDL	33	C-518/17	30/05/2017	10/08/2017	15/12/2017	
2017	Diciembre	151	RDL	10	C-433/17	26/04/2017	12/07/2017	15/12/2017	
2018	Enero	1	RDL	28	C-555/17	30/05/2017	30/08/2017	23/01/2018	
2018	Enero	2	D	11777	C-542/17	13/10/2016	24/08/2017	26/01/2018	
2018	Enero	3	D	11536	C-134/17	30/06/2016	01/03/2017	30/01/2018	
2018	Enero	4	D	11732	C-347/17	28/09/2016	24/05/2017	31/01/2018	
2018	Enero	5	D	11553	C-173/17	07/07/2016	22/03/2017	31/01/2018	
2018	Febrero	6	D	11612	C-175/17	08/08/2016	22/03/2017	02/02/2018	
2018	Febrero	7	D	11908	C-002/18	11/01/2017	31/01/2018	09/02/2018	
2018	Febrero	8	D	11715	C-687/17	22/09/2016	22/11/2017	09/02/2018	
2018	Febrero	9	D	11719	C-341/17	26/09/2016	24/05/2017	15/02/2018	
2018	Febrero	10	D	11588	C-435/17	25/07/2016	12/07/2017	20/02/2018	
2018	Febrero	11	D	11678	C-308/17	09/09/2016	10/05/2017	23/02/2018	
2018	Febrero	12	D	11706	C-350/17	20/09/2016	25/05/2017	27/02/2018	
2018	Marzo	13	RDL	18	C-516/17	30/05/2017	10/08/2017	08/03/2018	
2018	Marzo	14	D	11263	C-517/16	25/02/2016	21/09/2016	22/03/2018	
2018	Abril	15	D	11876	C-014/18	22/11/2016	14/03/2018	02/04/2018	
2018	Abril	16	D	11945	C-016/18	30/01/2017	14/03/2018	02/04/2018	
2018	Abril	17	D	11769	C-010/18	12/10/2016	07/03/2018	11/04/2018	
2018	Abril	18	D	11870	C-001/18	18/11/2016	24/01/2018	11/04/2018	
2018	Abril	19	OG	149	C-704/17	18/12/2015	29/11/2018	12/04/2018	
2018	Abril	20	D	11747	C-009/18	03/10/2016	07/03/2018	19/04/2018	
2018	Abril	20	D	11755	C-009/18	07/10/2016	07/03/2018	19/04/2018	14/10/2016
2018	Abril	21	RPZ	8	C-020/18	08/09/2017	04/04/2018	20/04/2018	
2018	Abril	22	RPZ	1	C-007/18	11/01/2017	01/03/2018	23/04/2018	
2018	Abril	23	RDL	9	C-017/18	06/04/2017	21/03/2018	30/04/2018	
2018	Mayo	24	D	11917	C-015/18	18/01/2017	14/03/2018	08/05/2018	
2018	Mayo	25	RDL	26	C-730/17	30/05/2017	12/12/2017	08/05/2018	
2018	Mayo	26	D	12027	C-006/18	22/03/2017	14/02/2018	10/05/2018	
2018	Mayo	27	RPZ	7	C-026/18	30/08/2017	11/04/2018	11/05/2018	
2018	Mayo	28	D	11906	C-031/18	19/12/2016	02/05/2018	11/05/2018	
2018	Mayo	29	D	11926	C-039/18	23/01/2017	09/05/2018	24/05/2018	
2018	Mayo	30	LAT	447	C-048/18	19/07/2017	23/05/2018	25/05/2018	
2018	Mayo	31	D	11866	C-008/18	17/11/2016	07/03/2018	29/05/2018	
2018	Mayo	32	RDL	6	C-025/18	20/02/2017	11/04/2018	31/05/2018	
2018	Junio	33	RDL	12	C-038/18	03/05/2017	09/05/2018	01/06/2018	
2018	Junio	34	D	11862	C-042/18	15/11/2016	16/05/2018	14/06/2018	
2018	Junio	35	D	11782	C-046/18	18/10/2016	23/05/2018	14/06/2018	
2018	Junio	35	D	11797	C-046/18	19/10/2016	23/05/2018	14/06/2018	31/10/2016
2018	Junio	36	D	11915	C-044/18	17/01/2017	16/05/2018	14/06/2018	
2018	Junio	37	D	11877	C-032/18	25/11/2016	02/05/2018	14/06/2018	
2018	Junio	38	OG	154	C-051/18	10/10/2017	30/05/2018	15/06/2018	
2018	Junio	39	D	11943	C-054/18	30/01/2017	30/05/2018	18/06/2018	
2018	Junio	40	D	11818	C-049/18	21/10/2016	23/05/2018	19/06/2018	
2018	Junio	41	D	11913	C-043/18	16/01/2017	16/05/2018	20/06/2018	
2018	Junio	42	D	11860	C-037/18	15/11/2016	09/05/2018	20/06/2018	
2018	Junio	43	D	11918	C-053/18	19/01/2017	30/05/2018	20/06/2018	
2018	Junio	44	RPZ	4	C-018/18	03/05/2017	04/04/2018	25/06/2018	
2018	Junio	45	D	11494	C-028/18	08/06/2016	02/05/2018	26/06/2018	
2018	Junio	46	D	11882	C-063/18	28/11/2016	13/06/2018	28/06/2018	
2018	Junio	47	D	12105	C-064/18	20/04/2017	13/06/2018	28/06/2018	
2018	Junio	48	D	11963	C-047/18	10/02/2017	23/05/2018	28/06/2018	
2018	Junio	49	RPZ	6	C-027/18	23/05/2017	18/04/2018	29/06/2018	
2018	Junio	50	D	11889	C-052/18	02/12/2016	30/05/2018	29/06/2018	
2018	Junio	51	D	11985	C-060/18	20/02/2017	07/06/2018	29/06/2018	
2018	Julio	52	D	11984	C-059/18	20/02/2017	07/06/2018	03/07/2018	
2018	Julio	53	RDL	14	C-019/18	17/05/2017	04/04/2018	13/07/2018	
2018	Julio	54	RPZ	3	C-674/17	05/04/2017	14/11/2017	16/07/2018	
2018	Julio	55	OG	155	C-066/18	25/01/2018	20/06/2018	17/07/2018	
2018	Julio	56	D	11956	C-045/18	06/02/2017	16/05/2018	24/07/2018	
2018	Agosto	57	OG	157	C-074/18	01/02/2018	18/07/2018	15/08/2018	
2018	Agosto	58	RDL	34	C-073/18	30/05/2017	12/07/2018	31/08/2018	
2018	Septiembre	59	D	11842	C-081/18	01/11/2016	22/08/2018	06/09/2018	
2018	Septiembre	60	D	11946	C-082/18	31/01/2017	22/08/2018	06/09/2018	
2018	Septiembre	61	RDL	8	C-067/18	06/04/2017	20/06/2018	07/09/2018	
2018	Septiembre	62	D	11793	C-058/18	19/10/2016	06/06/2018	21/09/2018	
2018	Septiembre	63	RPZ	5	C-630/17	12/05/2017	11/10/2017	24/09/2018	
2018	Septiembre	64	D	12121	C-085/18	25/04/2017	05/09/2018	28/09/2018	
2018	Septiembre	65	RDL	35	C-071/18	30/05/2017	04/07/2018	28/09/2018	
2018	Octubre	66	D	11958	C-088/18	06/02/2017	19/09/2018	01/10/2018	
2018	Octubre	67	D	12127	C-087/18	26/04/2017	19/09/2018	01/10/2018	
2018	Octubre	68	OG	153	C-078/18	14/07/2017	08/08/2018	02/10/2018	
2018	Octubre	69	D	12235	C-089/18	07/07/2017	26/09/2018	19/10/2018	
2018	Octubre	70	D	12122	C-097/18	25/04/2017	17/10/2018	22/10/2018	
2018	Octubre	71	D	11871	C-091/18	18/11/2016	26/09/2018	22/10/2018	
2018	Octubre	72	D	11643	C-335/17	25/08/2016	18/05/2017	22/10/2018	
2018	Octubre	73	D	11895	C-103/18	13/12/2016	24/10/2018	30/10/2018	
2018	Noviembre	74	OG	149	C-099/18	18/12/2015	24/10/2018	02/11/2018	
2018	Noviembre	75	D	12209	C-100/18	16/06/2017	24/10/2018	08/11/2018	
2018	Noviembre	76	D	11938	C-084/18	30/01/2017	29/08/2018	14/11/2018	
2018	Noviembre	76	D	11940	C-084/18	30/01/2017	29/08/2018	14/11/2018	03/02/2017
2018	Noviembre	77	D	12093	C-104/18	19/04/2017	24/10/2018	20/11/2018	
2018	Noviembre	78	RDL	13	C-070/18	04/05/2017	04/07/2018	20/11/2018	
2018	Noviembre	79	D	11729	C-092/18	27/09/2016	03/10/2018	20/11/2018	
2018	Noviembre	80	RPZ	11	C-094/18	11/01/2018	10/10/2018	20/11/2018	
2018	Noviembre	81	D	12519	C-112/18	04/12/2017	07/11/2018	23/11/2018	
2018	Noviembre	82	D	11869	C-022/18	18/11/2016	05/04/2018	26/11/2018	
2018	Noviembre	83	D	12036	C-101/18	03/04/2017	24/10/2018	26/11/2018	
2018	Noviembre	84	D	12428	C-122/18	31/10/2017	14/11/2018	28/11/2018	
2018	Noviembre	85	D	12278	C-105/18	04/08/2017	31/10/2018	30/11/2018	
2018	Noviembre	86	D	12249	C-125/18	12/07/2017	21/11/2018	30/11/2018	
2018	Noviembre	87	D	12046	C-118/18	05/04/2017	14/11/2018	30/11/2018	
2018	Noviembre	88	D	12052	C-120/18	07/04/2017	14/11/2018	30/11/2018	
2018	Noviembre	89	D	12128	C-117/18	27/04/2017	14/11/2018	30/11/2018	
2018	Diciembre	90	RDL	22	C-492/17	30/05/2017	03/08/2017	03/12/2018	
2018	Diciembre	91	D	12050	C-111/18	06/04/2017	07/11/2018	05/12/2018	
2018	Diciembre	92	D	12019	C-129/18	15/03/2017	28/11/2018	06/12/2018	
2018	Diciembre	93	D	12134	C-131/18	02/05/2017	28/11/2018	06/12/2018	
2018	Diciembre	94	RE	231	C-468/17	08/05/2017	19/07/2017	07/12/2018	
2018	Diciembre	95	OG	159	C-093/18	30/05/2018	10/10/2018	10/12/2018	
2018	Diciembre	96	D	11921	C-138/18	20/01/2017	28/11/2018	10/12/2018	
2018	Diciembre	97	D	12382	C-140/18	04/10/2017	05/12/2018	10/12/2018	
2018	Diciembre	98	D	12250	C-145/18	14/07/2017	05/12/2018	10/12/2018	
2018	Diciembre	99	D	12236	C-142/18	07/07/2017	05/12/2018	10/12/2018	
2018	Diciembre	100	LAT	444	C-144/18	17/07/2017	05/12/2018	13/12/2018	
2018	Diciembre	101	D	12608	C-107/18	22/02/2018	31/10/2018	14/12/2018	
2018	Diciembre	101	D	12625	C-107/18	08/03/2018	31/10/2018	14/12/2018	23/03/2018
2018	Diciembre	102	D	12348	C-143/18	27/09/2017	05/12/2018	14/12/2018	
2018	Diciembre	103	D	12172	C-130/18	23/05/2017	28/11/2018	14/12/2018	
2018	Diciembre	104	D	12644	C-128/18	04/04/2018	28/11/2018	14/12/2018	
2018	Diciembre	105	D	11858	C-137/18	11/11/2016	28/11/2018	18/12/2018	
2018	Diciembre	106	D	12065	C-141/18	17/04/2017	05/12/2018	18/12/2018	
2018	Diciembre	107	D	12147	C-134/18	11/05/2017	28/11/2018	18/12/2018	
2018	Diciembre	108	D	12207	C-133/18	15/06/2017	28/11/2018	18/12/2018	
2018	Diciembre	109	D	12481	C-148/18	17/11/2017	12/12/2018	19/12/2018	
2018	Diciembre	110	RPZ	10	C-080/18	15/12/2017	15/08/2018	19/12/2018	
2019	Enero	1	D	11532	C-029/18	30/06/2016	02/05/2018	16/01/2019	
2019	Enero	2	RPZ	9	C-076/18	30/11/2017	25/07/2018	16/01/2019	
2019	Enero	3	D	11771	C-030/18	13/10/2016	02/05/2018	17/01/2019	
2019	Enero	4	D	12030	C-119/18	23/03/2017	14/11/2018	17/01/2019	
2019	Enero	5	D	12713	C-132/18	15/05/2018	28/11/2018	17/01/2019	
2019	Enero	6	RDL	31	C-013/18	30/05/2017	14/03/2018	18/01/2019	
2019	Enero	7	D	12269	C-127/18	27/07/2017	21/11/2018	18/01/2019	
2019	Enero	8	D	11948	C-135/18	01/02/2017	28/11/2018	21/01/2019	
2019	Enero	8	D	11966	C-135/18	13/02/2017	28/11/2018	21/01/2019	17/02/2017
2019	Enero	9	D	11640	C-121/18	23/08/2016	14/11/2018	23/01/2019	
2019	Enero	10	D	12201	C-126/18	13/06/2017	21/11/2018	23/01/2019	
2019	Enero	11	D	12248	C-136/18	12/07/2017	28/11/2018	23/01/2019	
2019	Enero	12	D	12665	C-110/18	13/04/2018	07/11/2018	25/01/2019	
2019	Febrero	13	D	12530	C-083/18	11/12/2017	29/08/2018	04/02/2019	
2019	Febrero	14	D	12704	C-147/18	09/05/2018	12/12/2018	04/02/2019	
2019	Febrero	15	D	12080	C-034/19	18/04/2017	30/01/2019	07/02/2019	
2019	Febrero	16	D	12747	C-035/19	12/06/2018	30/01/2019	07/02/2019	
2019	Febrero	17	D	12448	C-036/19	09/11/2017	30/01/2019	08/02/2019	
2019	Febrero	18	D	12285	C-032/19	14/08/2017	30/01/2019	08/02/2019	
2019	Febrero	19	D	12208	C-149/18	16/06/2017	13/12/2018	12/02/2019	
2019	Febrero	20	D	12337	C-031/19	18/09/2017	30/01/2019	15/02/2019	
2019	Febrero	21	D	12418	C-056/19	25/10/2017	13/02/2019	15/02/2019	
2019	Febrero	22	LAT	451	C-057/19	15/06/2018	13/02/2019	19/02/2019	
2019	Febrero	23	D	11977	C-018/19	16/02/2017	23/01/2019	22/02/2019	
2019	Febrero	24	D	12735	C-052/19	31/05/2018	13/02/2019	22/02/2019	
2019	Marzo	25	D	12326	C-052/19	08/09/2017	13/02/2019	01/03/2019	
2019	Marzo	26	D	11830	C-106/18	27/10/2016	31/10/2018	01/03/2019	
2019	Marzo	27	D	12005	C-109/18	06/03/2017	07/11/2018	04/03/2019	
2019	Marzo	28	D	12324	C-053/19	06/09/2017	13/02/2019	04/03/2019	
2019	Marzo	28	D	12328	C-053/19	08/09/2017	13/02/2019	04/03/2019	20/09/2017
2019	Marzo	29	D	12155	C-055/19	16/05/2017	13/02/2019	04/03/2019	
2019	Marzo	30	D	12903	C-070/19	17/09/2018	20/02/2019	05/03/2019	
2019	Marzo	31	D	12355	C-046A/19	04/10/2017	06/02/2019	06/03/2019	
2019	Marzo	32	D	12745	C-028/19	12/06/2018	30/01/2019	06/03/2019	
2019	Marzo	33	OG	152	C-082/19	05/06/2017	27/02/2019	08/03/2019	
2019	Marzo	34	LAT	443	C-099/19	25/01/2017	06/03/2019	11/03/2019	
2019	Marzo	35	D	12005	C-109/18	06/03/2017	07/11/2018	13/03/2019	
2019	Marzo	36	D	12349	C-030/19	28/09/2017	30/01/2019	13/03/2019	
2019	Marzo	37	D	12537	C-084/19	14/12/2017	27/02/2019	15/03/2019	
2019	Marzo	37	D	12547	C-084/19	18/12/2017	27/02/2019	15/03/2019	26/01/2018
2019	Marzo	38	D	12017	C-102/18	13/03/2017	24/10/2018	26/03/2019	
2019	Marzo	39	D	12118	C-146/18	21/04/2017	12/12/2018	28/03/2019	
2019	Marzo	40	D	12902	C-128/19	17/09/2018	21/03/2019	28/03/2019	
2019	Marzo	41	D	12042	C-083/19	04/04/2017	27/02/2019	29/03/2019	
2019	Marzo	42	D	12245	C-098/19	11/07/2017	06/03/2019	29/03/2019	
2019	Marzo	43	D	12659	C-100/19	12/04/2018	06/03/2019	29/03/2019	
2019	Marzo	44	D	12479	C-095/19	15/11/2017	06/03/2019	29/03/2019	
2019	Abril	45	D	12759	C-029/19	18/06/2018	30/01/2019	01/04/2019	
2019	Abril	46	D	12311	C-096/19	30/08/2017	06/03/2019	01/04/2019	
2019	Abril	47	D	12604	C-111/19	20/02/2018	13/03/2019	01/04/2019	
2019	Abril	47	D	12605	C-111/19	20/02/2018	13/03/2019	01/04/2019	23/02/2018
2019	Abril	48	OG	158	C-110/19	26/04/2018	13/03/2019	01/04/2019	
2019	Abril	49	D	12272	C-134/19	01/08/2017	27/03/2019	05/04/2019	
2019	Abril	50	D	11599	C-135/19	29/07/2016	27/03/2019	05/04/2019	
2019	Abril	51	D	12340	C-085/19	18/09/2017	27/02/2019	09/04/2019	
2019	Abril	52	D	12849	C-138/19	03/08/2018	28/03/2019	25/04/2019	
2019	Abril	53	D	12841	C-112/19	31/07/2018	13/03/2019	25/04/2019	
2019	Abril	53	D	12844	C-112/19	31/07/2018	13/03/2019	25/04/2019	03/08/2018
2019	Mayo	54	D	12893	C-173/19	11/09/2018	25/04/2019	06/05/2019	
2019	Mayo	55	OG	156	C-162/19	01/02/2018	10/04/2019	08/05/2019	
2019	Mayo	56	D	12881	C-164/19	31/08/2018	10/04/2019	09/05/2019	
2019	Mayo	57	D	12039	C-033/19	03/04/2017	30/01/2019	09/05/2019	
2019	Mayo	58	D	12556	C-163/19	19/01/2018	10/04/2019	10/05/2019	
2019	Mayo	59	D	12689	C-069/19	26/04/2018	20/02/2019	14/05/2019	
2019	Mayo	60	D	12911	C-191/19	20/09/2018	09/05/2019	16/05/2019	
2019	Mayo	61	D	12875	C-190/19	28/08/2018	09/05/2019	17/05/2019	
2019	Mayo	62	D	12638	C-187/19	23/03/2018	08/05/2019	20/05/2019	
2019	Mayo	63	D	11443	C-133/19	13/05/2016	27/03/2019	22/05/2019	
2019	Mayo	63	D	11467	C-133/19	24/05/2016	27/03/2019	22/05/2019	27/05/2016
2019	Mayo	64	D	12251	C-202/19	17/07/2017	15/05/2019	23/05/2019	
2019	Mayo	65	D	12897	C-220/19	13/09/2018	22/05/2019	24/05/2019	
2019	Mayo	66	D	12153	C-088/19	16/05/2017	27/02/2019	29/05/2019	
2019	Mayo	67	D	12955	C-203/19	16/10/2018	15/05/2019	31/05/2019	
2019	Mayo	68	D	12336	C-221/19	15/09/2017	22/05/2019	31/05/2019	
2019	Mayo	69	D	12596	C-222/19	14/02/2018	22/05/2019	31/05/2019	
2019	Junio	70	D	12536	C-165/19	13/12/2017	10/04/2019	06/06/2019	
2019	Junio	71	D	12446	C-188/19	08/11/2017	08/05/2019	06/06/2019	
2019	Junio	72	D	11896	C-246/19	13/12/2016	05/06/2019	10/06/2019	
2019	Junio	73	D	12877	C-207/19	30/08/2018	16/05/2019	12/06/2019	
2019	Junio	74	D	12861	C-137/19	15/08/2018	28/03/2019	12/06/2019	
2019	Junio	75	D	12322	C-189/19	05/09/2017	09/05/2019	12/06/2019	
2019	Junio	76	D	11973	C-204/19	15/02/2017	15/05/2019	12/06/2019	
2019	Junio	77	D	12805	C-086/19	16/07/2018	27/02/2019	13/06/2019	
2019	Junio	78	D	11189	C-467/16	15/12/2015	31/08/2016	14/06/2019	
2019	Junio	79	D	12790	C-266/19	06/07/2018	12/06/2019	14/06/2019	
2019	Junio	80	D	11932	C-234/19	25/01/2017	29/05/2019	17/06/2019	
2019	Junio	81	D	11911	C-247/19	13/01/2017	05/06/2019	18/06/2019	
2019	Junio	82	D	12970	C-250/19	17/10/2018	05/06/2019	19/06/2019	
2019	Junio	83	D	12408	C-200/19	13/10/2017	15/05/2019	19/06/2019	
2019	Junio	84	D	12765	C-269/19	22/06/2018	12/06/2019	21/06/2019	
2019	Junio	85	LAT	450	C-275/19	16/05/2018	19/06/2019	21/06/2019	
2019	Junio	86	D	12595	C-265/19	14/02/2018	12/06/2019	21/06/2019	
2019	Junio	87	D	12699	C-278/19	03/05/2018	19/06/2019	21/06/2019	
2019	Junio	88	D	11768	C-245/19	12/10/2016	05/06/2019	27/06/2019	
2019	Junio	89	D	12503	C-277/19	28/11/2017	19/06/2019	28/06/2019	
2019	Junio	90	LAT	445	C-252/19	17/07/2017	06/06/2019	28/06/2019	
2019	Junio	91	D	12656	C-276/19	11/04/2018	19/06/2019	28/06/2019	
2019	Julio	92	D	12173	C-235/19	26/05/2017	29/05/2019	02/07/2019	
2019	Julio	93	D	12883	C-248/19	03/09/2018	05/06/2019	02/07/2019	
2019	Julio	94	D	12922	C-249/19	28/09/2018	05/06/2019	02/07/2019	
2019	Julio	95	D	12529	C-270/19	11/12/2017	12/06/2019	02/07/2019	
2019	Julio	96	LAT	455	C-224/19	30/07/2018	22/05/2019	03/07/2019	
2019	Julio	97	RDL	5	C-289/19	15/02/2017	04/05/2017	10/07/2019	
2019	Julio	98	D	12922	C-249/19	28/09/2018	05/06/2019	12/07/2019	
2019	Julio	99	D	12593	C-292/19	13/02/2018	26/06/2019	12/07/2019	
2019	Julio	100	D	12690	C-253/19	26/04/2018	06/06/2019	12/07/2019	
2019	Julio	101	D	12760	C-283/19	19/06/2018	20/06/2019	12/07/2019	
2019	Julio	102	D	12634	C-290/19	20/03/2018	26/06/2019	15/07/2019	
2019	Julio	103	D	12890	C-185/19	06/09/2018	08/05/2019	18/07/2019	
2019	Julio	104	D	12987	C-289/19	01/11/2018	26/06/2019	18/07/2019	
2019	Julio	105	D	12566	C-183/19	30/01/2018	08/05/2019	19/07/2019	
2019	Julio	106	D	12658	C-251/19	12/04/2018	05/06/2019	19/07/2019	
2019	Julio	107	LAT	446	C-254/19	17/07/2017	06/06/2019	19/07/2019	
2019	Julio	108	OG	164	C-295/19	18/10/2018	27/06/2019	19/07/2019	
2019	Julio	109	D	12674	C-296/19	13/04/2018	27/06/2019	19/07/2019	
2019	Julio	110	D	12753	C-306/19	13/06/2018	10/07/2019	19/07/2019	
2019	Julio	111	D	11874	C-166/19	22/11/2016	10/04/2019	22/07/2019	
2019	Julio	112	D	12552	C-223/19	12/01/2018	22/05/2019	22/07/2019	
2019	Julio	113	D	12493	C-305/19	23/11/2017	10/07/2019	22/07/2019	
2019	Julio	114	D	11832	C-308/19	28/10/2016	11/07/2019	24/07/2019	
2019	Julio	114	D	11835	C-308/19	28/10/2016	11/07/2019	24/07/2019	15/11/2016
2019	Julio	114	D	11839	C-308/19	01/11/2016	11/07/2019	24/07/2019	15/11/2016
2019	Julio	115	D	12971	C-307/19	17/10/2018	11/07/2019	26/07/2019	
2019	Julio	116	LAT	449	C-186/19	12/01/2018	08/05/2019	30/07/2019	
2019	Agosto	117	D	12905	C-263/19	17/09/2018	12/06/2019	01/08/2019	
2019	Agosto	118	D	13003	C-329/19	08/11/2018	24/07/2019	01/08/2019	
2019	Agosto	119	D	12626	C-087/19	09/03/2018	27/02/2019	06/08/2019	
2019	Agosto	120	D	12703	C-017/19	09/05/2018	23/01/2019	08/08/2019	
2019	Agosto	121	D	12858	C-345/19	10/08/2018	31/07/2019	09/08/2019	
2019	Agosto	122	D	12904	C-358/19	17/09/2018	06/08/2019	09/08/2019	
2019	Agosto	123	D	12320	C-346/19	05/09/2017	31/07/2019	15/08/2019	
2019	Agosto	124	D	12231	C-045/19	05/07/2017	06/02/2019	21/08/2019	
2019	Agosto	125	D	13047	C-369/19	14/12/2018	14/08/2019	21/08/2019	
2019	Agosto	126	D	13055	C-378/19	11/01/2018	20/08/2019	22/08/2019	
2019	Agosto	127	D	12928	C-328/19	04/10/2018	24/07/2019	23/08/2019	
2019	Agosto	128	D	12802	C-356	16/07/2018	06/08/2019	23/08/2019	
2019	Agosto	129	D	12671	C-372/19	13/04/2018	14/08/2019	30/08/2019	
2019	Agosto	130	D	12920	C-201/19	26/09/2018	15/05/2019	30/08/2019	
2019	Septiembre	131	LAT	454	C-381/19	30/07/2018	21/08/2019	02/09/2019	
2019	Septiembre	132	D	13062	C-368/19	16/01/2019	14/08/2019	03/09/2019	
2019	Septiembre	133	D	12372	C-370/19	04/10/2017	14/08/2019	04/09/2019	
2019	Septiembre	134	D	11933	C-303/19	25/01/2017	10/07/2019	04/09/2019	
2019	Septiembre	135	D	13013	C-330/19	14/11/2018	24/07/2019	04/09/2019	
2019	Septiembre	136	D	12313	C-393/19	30/08/2017	28/08/2019	06/09/2019	
2019	Septiembre	137	D	13076	C-408/19	21/01/2019	03/09/2019	06/09/2019	
2019	Septiembre	138	D	13101	C-392/19	08/02/2019	28/08/2019	09/09/2019	
2019	Septiembre	139	D	11780	C-396/19	14/10/2016	28/08/2019	09/09/2019	
2019	Septiembre	140	D	12202	C-382/19	13/06/2017	21/08/2019	09/09/2019	
2019	Septiembre	141	D	12397	C-383/19	06/10/2017	21/08/2019	09/09/2019	
2019	Septiembre	142	D	12594	C-394/19	14/02/2018	28/08/2019	10/09/2019	
2019	Septiembre	143	OG	163	C-380/19	18/10/2018	21/08/2019	12/09/2019	
2019	Septiembre	144	D	12811	C-304/19	18/07/2018	10/07/2019	20/09/2019	
2019	Septiembre	145	D	13123	C-416/19	22/02/2019	10/09/2019	25/09/2019	
2019	Septiembre	146	LAT	452	C-347/19	15/06/2018	31/07/2019	30/09/2019	
2019	Octubre	147	D	12533	C-294/19	12/12/2017	26/06/2019	02/10/2019	
2019	Octubre	148	D	13073	C-428/19	21/01/2019	17/09/2019	02/10/2019	
2019	Octubre	149	D	12866	C-429/19	22/08/2018	17/09/2019	02/10/2019	
2019	Octubre	150	D	13099	C-395/19	08/02/2019	28/08/2019	02/10/2019	
2019	Octubre	151	D	12856	C-371/19	10/08/2018	14/08/2019	04/10/2019	
2019	Octubre	152	D	12507	C-441/19	29/11/2017	25/09/2019	04/10/2019	
2019	Octubre	153	D	13023	C-331/19	23/11/2018	24/07/2019	07/10/2019	
2019	Octubre	154	D	12516	C-391/19	04/12/2017	28/08/2019	07/10/2019	
2019	Octubre	155	D	12383	C-139/18	04/10/2017	05/12/2018	07/10/2019	
2019	Octubre	156	D	11670	C-281/17	08/09/2016	03/05/2017	07/10/2019	
2019	Octubre	157	D	13119	C-438/19	21/02/2019	25/09/2019	09/10/2019	
2019	Octubre	158	LAT	453	C-440/19	30/07/2018	25/09/2019	09/10/2019	
2019	Octubre	159	D	13125	C-439/19	22/02/2019	25/09/2019	11/10/2019	
2019	Octubre	160	D	12997	C-348/19	07/11/2018	31/07/2019	15/10/2019	
2019	Octubre	161	D	12613	C-442/19	26/02/2018	25/09/2019	16/10/2019	
2019	Octubre	162	D	13136	C-437/19	27/02/2019	25/09/2019	22/10/2019	
2019	Octubre	163	OG	157	C-490/19	01/02/2018	22/10/2019	24/10/2019	
2019	Octubre	164	D	13024	C-357/19	26/11/2018	06/08/2019	25/10/2019	
2019	Octubre	165	D	12411	C-512/19	18/10/2017	29/10/2019	31/10/2019	
2019	Noviembre	166	LAT	457	C-492/19	16/01/2019	22/10/2019	06/11/2019	
2019	Noviembre	167	D	13152	C-483/19	11/03/2019	16/10/2019	07/11/2019	
2019	Noviembre	168	D	13072	C-488/19	21/01/2019	22/10/2019	07/11/2019	
2019	Noviembre	169	D	13094	C-493/19	06/02/2019	22/10/2019	07/11/2019	
2019	Noviembre	170	D	13166	C-510/19	19/03/2019	29/10/2019	07/11/2019	
2019	Noviembre	171	LAT	456	C-491/19	10/10/2018	22/10/2019	07/11/2019	
2019	Noviembre	172	LAT	448	C-494/19	12/01/2018	22/10/2019	07/11/2019	
2019	Noviembre	173	D	13121	C-495/19	21/02/2019	22/10/2019	07/11/2019	
2019	Noviembre	174	D	12515	C-515/19	04/12/2017	30/10/2019	13/11/2019	
2019	Noviembre	175	D	12821	C-264/19	25/07/2018	12/06/2019	14/11/2019	
2019	Noviembre	176	D	12933	C-291/19	05/10/2018	26/06/2019	18/11/2019	
2019	Noviembre	177	D	13207	C-481/19	22/04/2019	16/10/2019	20/11/2019	
2019	Noviembre	178	D	13177	C-540/19	28/03/2019	13/11/2019	20/11/2019	
2019	Noviembre	179	D	13122	C-514/19	21/02/2019	30/10/2019	21/11/2019	
2019	Noviembre	180	D	13106	C-520/19	13/02/2019	05/11/2019	21/11/2019	
2019	Noviembre	181	D	13202	C-537/19	12/04/2019	13/11/2019	21/11/2019	
2019	Noviembre	182	D	13124	C-521/19	22/02/2019	05/11/2019	27/11/2019	
2019	Diciembre	183	D	12344	C-535/19	25/09/2017	13/11/2019	03/12/2019	
2019	Diciembre	183	D	12393	C-535/19	05/10/2017	13/11/2019	03/12/2019	10/10/2017
2019	Diciembre	184	D	13175	C-550/19	27/03/2019	19/11/2019	04/12/2019	
2019	Diciembre	185	D	13227	C-552/19	03/05/2019	19/11/2019	04/12/2019	
2019	Diciembre	186	D	13205	C-534/19	22/04/2019	13/11/2019	04/12/2019	
2019	Diciembre	187	D	13198	C-538/19	11/04/2019	13/11/2019	06/12/2019	
2019	Diciembre	188	D	12404	C-544/19	10/10/2017	14/11/2019	06/12/2019	
2019	Diciembre	189	D	13262	C-568/19	21/05/2019	27/11/2019	09/12/2019	
2019	Diciembre	190	D	13216	C-539/19	25/04/2019	13/11/2019	09/12/2019	
2019	Diciembre	191	D	13167	C-559/19	20/03/2019	20/11/2019	12/12/2019	
2019	Diciembre	191	D	13169	C-559/19	26/03/2019	20/11/2019	12/12/2019	05/04/2019
2019	Diciembre	192	D	11988	C-606/19	22/02/2017	11/12/2019	13/12/2019	
2019	Diciembre	193	D	13210	C-570/19	23/04/2019	27/11/2019	13/12/2019	
2019	Diciembre	194	D	13012	C-513/19	14/11/2018	29/10/2019	16/12/2019	
2020	Enero	1	D	13201	C-551/19	12/04/2019	19/11/2019	17/01/2020	
2020	Enero	2	D	13174	C-557/19	27/03/2019	20/11/2019	23/01/2020	
2020	Enero	3	D	13199	C-560/19	11/04/2019	20/11/2019	24/01/2020	
2020	Enero	4	D	12960	C-233/19	16/10/2018	29/05/2019	29/01/2020	
2020	Enero	5	D	13233	C-553/19	03/05/2019	19/11/2019	29/01/2020	
2020	Enero	6	D	12738	C-232/19	05/06/2018	29/05/2019	29/01/2020	
2020	Enero	7	D	13171	C-482/19	26/03/2019	16/10/2019	29/01/2020	
2020	Enero	7	D	13179	C-482/19	02/04/2019	16/10/2019	29/01/2020	05/04/2019
2020	Enero	8	D	12981	C-443/19	26/10/2018	25/09/2019	31/01/2020	
2020	Enero	9	D	13260	C-593/19	20/05/2019	05/12/2019	31/01/2020	
2020	Enero	10	D	13178	C-569/19	01/04/2019	27/11/2019	31/01/2020	
2020	Febrero	11	D	12489	C-293/19	22/11/2017	26/06/2019	06/02/2020	
2020	Febrero	12	D	13200	C-590/19	11/04/2019	05/12/2019	07/02/2020	
2020	Febrero	13	D	13126	C-496/19	22/02/2019	22/10/2019	13/02/2020	
2020	Febrero	14	D	12901	C-225/19	14/09/2018	23/05/2019	13/02/2020	
2020	Febrero	15	D	13323	C-025/20	11/06/2019	29/01/2020	18/02/2020	14/06/2019
2020	Febrero	16	D	13270	C-024/20	28/05/2019	29/01/2020	18/02/2020	
2020	Febrero	17	D	13284	C-026/20	04/06/2019	29/01/2020	18/02/2020	14/06/2019
2020	Febrero	17	D	13285	C-026/20	05/06/2019	29/01/2020	18/02/2020	14/06/2019
2020	Febrero	17	D	13286	C-026/20	05/06/2019	29/01/2020	18/02/2020	14/06/2019
2020	Febrero	18	D	12429	C-027/20	01/11/2017	29/01/2020	18/02/2020	
2020	Febrero	19	D	13342	C-029/20	12/06/2019	29/01/2020	19/02/2020	
2020	Febrero	20	D	13170	C-588/19	26/03/2019	05/12/2019	19/02/2020	
2020	Febrero	21	D	12304	C-127/19	24/08/2017	20/03/2019	21/02/2020	
2020	Febrero	22	D	13002	C-326/19	08/11/2018	24/07/2019	21/02/2020	
2020	Febrero	23	D	13235	C-015/20	06/05/2019	22/01/2020	21/02/2020	
2020	Febrero	24	D	13267	C-021/20	27/05/2019	29/01/2020	21/02/2020	
2020	Febrero	25	D	13348	C-048/20	14/06/2019	12/02/2020	24/02/2020	
2020	Febrero	26	D	13224	C-603/19	30/04/2019	11/12/2019	25/02/2020	
2020	Febrero	27	D	13032	C-472/19	03/12/2018	09/10/2019	26/02/2020	
2020	Febrero	28	D	13314	C-051/20	11/06/2019	12/02/2020	26/02/2020	
2020	Febrero	29	D	13401	C-050/20	16/07/2019	12/02/2020	27/02/2020	
2020	Febrero	30	D	13382	C-046/20	08/07/2019	12/02/2020	28/02/2020	
2020	Febrero	31	D	12345	C-219/19	25/09/2017	22/05/2019	28/02/2020	
2020	Febrero	32	D	13345	C-047/20	12/06/2019	12/02/2020	28/02/2020	
2020	Marzo	33	D	13343	C-068/20	12/06/2019	19/02/2020	02/03/2020	
2020	Marzo	34	D	13409	C-071/20	22/07/2019	19/02/2020	02/03/2020	
2020	Marzo	35	D	12444	C-097/19	08/11/2017	06/03/2019	02/03/2020	
2020	Marzo	36	D	11907	C-571/19	11/01/2017	27/11/2019	02/03/2020	
2020	Marzo	37	D	13273	C-072/20	28/05/2019	19/02/2020	03/03/2020	
2020	Marzo	38	D	13063	C-473/19	16/01/2019	09/10/2019	04/03/2020	
2020	Marzo	39	D	13050	C-480/19	18/12/2018	15/10/2019	04/03/2020	
2020	Marzo	40	D	13163	C-536/19	18/03/2019	13/11/2019	04/03/2020	
2020	Marzo	41	D	13225	C-089/20	30/04/2019	02/03/2020	04/03/2020	
2020	Marzo	42	D	12223	C-591/19	27/06/2017	05/12/2019	09/03/2020	
2020	Marzo	43	D	12421	C-600/19	26/10/2017	11/12/2019	10/03/2020	
2020	Marzo	44	D	11902	C-094/20	16/12/2016	03/03/2020	12/03/2020	
2020	Marzo	45	D	13481	C-083/20	02/09/2019	26/02/2020	12/03/2020	
2020	Marzo	46	LAT	459	C-098/20	27/06/2019	03/03/2020	13/03/2020	
2020	Marzo	47	D	13268	C-082/20	28/05/2019	26/02/2020	13/03/2020	
2020	Marzo	47	D	13269	C-082/20	28/05/2019	26/02/2020	13/03/2020	31/05/2019
2020	Marzo	48	D	13340	C-028/20	12/06/2019	29/01/2020	31/03/2020	
2020	Marzo	49	D	13297	C-605/19	10/06/2019	11/12/2019	31/03/2020	
2020	Abril	50	D	13093	C-533/19	04/02/2019	13/11/2019	27/04/2020	
2020	Mayo	51	D	13181	C-542/19	02/04/2019	14/11/2019	04/05/2020	
2020	Mayo	52	D	13472	C-122/20	27/08/2019	15/04/2020	08/05/2020	
2020	Mayo	53	D	13354	C-604/19	21/06/2019	11/12/2019	11/05/2020	
2020	Mayo	54	D	13305	C-035/20	11/06/2019	05/02/2020	12/05/2020	
2020	Mayo	55	D	13281	C-095/20	04/06/2019	03/03/2020	12/05/2020	
2020	Mayo	56	D	13219	C-572/19	29/04/2019	27/11/2019	14/05/2020	
2020	Mayo	57	D	13385	C-120/20	09/07/2019	15/04/2020	20/05/2020	
2020	Mayo	58	D	13496	C-128/20	13/09/2019	22/04/2020	20/05/2020	
2020	Mayo	59	D	13176	C-589/19	27/03/2019	05/12/2019	20/05/2020	05/04/2019
2020	Mayo	60	D	11996	C-497/19	24/02/2017	22/10/2019	20/05/2020	
2020	Mayo	60	D	11	C-497/19	25/01/2000	22/10/2019	20/05/2020	26/01/2000
2020	Mayo	61	D	13112	C-489/19	18/02/2019	22/10/2019	21/05/2020	
2020	Mayo	62	D	12570	C-022/20	01/02/2018	29/01/2020	21/05/2020	
2020	Mayo	63	D	12986	C-327/20	01/11/2018	24/07/2019	22/05/2020	
2020	Mayo	64	D	13115	C-511/19	20/02/2019	29/10/2019	26/05/2020	
2020	Mayo	65	D	13118	C-601/19	20/02/2019	11/12/2019	27/05/2020	
2020	Mayo	66	D	13329	C-123/20	11/06/2019	15/04/2020	28/05/2020	
2020	Mayo	67	D	12138	C-045/20	04/05/2017	12/02/2020	29/05/2020	
2020	Mayo	67	D	12140	C-045/20	05/05/2017	12/02/2020	29/05/2020	17/05/2017
2020	Mayo	68	D	13160	C-039/20	13/03/2019	05/02/2020	29/05/2020	
2020	Junio	69	D	12329	C-038/20	11/09/2017	06/02/2020	01/06/2020	
2020	Junio	70	D	13344	C-092/20	12/06/2019	03/03/2020	02/06/2020	
2020	Junio	71	D	13393	C-121/20	12/07/2019	15/04/2020	02/06/2020	
2020	Junio	72	D	13461	C-127/20	22/08/2019	22/04/2020	02/06/2020	
2020	Junio	72	D	13462	C-127/20	22/08/2019	22/04/2020	02/06/2020	30/08/2019
2020	Junio	73	D	13513	C-139/20	01/10/2019	06/05/2020	02/06/2020	
2020	Junio	74	D	13367	C-049/20	28/06/2019	12/02/2020	02/06/2020	
2020	Junio	75	D	13333	C-037/20	11/06/2019	05/02/2020	03/06/2020	
2020	Junio	76	D	13211	C-034/20	23/04/2019	05/02/2020	04/06/2020	
2020	Junio	77	D	13131	C-592/19	25/02/2019	05/12/2019	08/06/2020	
2020	Junio	78	D	13423	C-096/20	29/07/2019	03/03/2020	09/06/2020	
2020	Junio	79	RE	232	C-145/20	18/03/2020	20/05/2020	10/06/2020	
2020	Junio	80	D	13264	C-023/20	24/05/2019	29/01/2020	16/06/2020	
2020	Junio	81	D	13077	C-430/19	22/01/2019	17/09/2019	16/06/2020	
2020	Junio	82	RE	244	C-160/20	24/03/2020	03/06/2020	24/06/2020	
2020	Julio	83	RE	234	C-159/20	24/03/2020	03/06/2020	01/07/2020	
2020	Julio	84	D	12637	C-119/20	23/03/2018	15/04/2020	01/07/2020	
2020	Julio	85	RE	233	C-152/20	24/03/2020	27/05/2020	08/07/2020	
2020	Julio	86	RE	248	C-155/20	26/03/2020	28/05/2020	09/07/2020	
2020	Julio	87	RE	255	C-163/20	01/04/2020	04/06/2020	09/07/2020	
2020	Julio	88	RE	269	C-175/20	13/04/2020	11/06/2020	09/07/2020	
2020	Julio	89	D	13280	C-183/20	04/06/2019	17/06/2020	14/07/2020	
2020	Julio	90	RE	275	C-172/20	14/04/2020	10/06/2020	14/07/2020	
2020	Julio	91	RE	247	C-153/20	26/03/2020	28/05/2020	15/07/2020	
2020	Julio	92	RE	243	C-161/20	24/03/2020	04/06/2020	22/07/2020	
2020	Julio	93	RE	291	C-182/20	16/04/2020	17/06/2020	22/07/2020	
2020	Julio	94	RE	276	C-173/20	14/04/2020	10/06/2020	23/07/2020	
2020	Julio	95	RE	238	C-194/20	24/03/2020	24/06/2020	24/07/2020	
2020	Julio	96	RE	250	C-218/20	30/03/2020	02/07/2020	24/07/2020	
2020	Julio	97	RE	264	C-212/20	13/04/2020	01/07/2020	24/07/2020	
2020	Julio	98	D	13283	C-109/20	04/06/2019	11/03/2020	28/07/2020	
2020	Julio	99	RE	272	C-205/20	14/04/2020	25/06/2020	28/07/2020	
2020	Julio	100	RE	287	C-204/20	16/04/2020	25/06/2020	28/07/2020	
2020	Julio	101	RE	263	C-170/20	13/04/2020	10/06/2020	29/07/2020	
2020	Julio	102	RE	268	C-199/20	13/04/2020	24/06/2020	31/07/2020	
2020	Agosto	103	RE	237	C-154/20	24/03/2020	28/05/2020	03/08/2020	
2020	Agosto	104	D	13215	C-084/20	24/04/2019	27/02/2020	04/08/2020	
2020	Agosto	105	RE	235	C-157/20	24/03/2020	03/06/2020	04/08/2020	
2020	Agosto	106	RE	254	C-200/20	30/03/2020	25/06/2020	04/08/2020	
2020	Agosto	107	RE	273	C-197/20	14/04/2020	24/06/2020	04/08/2020	
2020	Agosto	108	RE	256	C-211/20	01/04/2020	01/07/2020	04/08/2020	
2020	Agosto	109	RE	292	C-193/20	16/04/2020	24/06/2020	04/08/2020	
2020	Agosto	110	RE	246	C-158/20	25/03/2020	03/06/2020	04/08/2020	
2020	Agosto	111	RE	253	C-242/20	30/03/2020	09/07/2020	04/08/2020	
2020	Agosto	112	RE	267	C-164/20	13/04/2020	04/06/2020	05/08/2020	
2020	Agosto	113	RE	294	C-239/20	16/04/2020	08/07/2020	05/08/2020	
2020	Agosto	114	D	13599	C-198/20	15/11/2019	24/06/2020	06/08/2020	
2020	Agosto	115	RE	290	C-213/20	16/04/2020	01/07/2020	06/08/2020	
2020	Agosto	116	RE	295	C-217/20	16/04/2020	02/07/2020	06/08/2020	
2020	Agosto	117	RE	266	C-216/20	13/04/2020	02/07/2020	10/08/2020	
2020	Agosto	118	RE	265	C-203/20	13/04/2020	25/06/2020	11/08/2020	
2020	Agosto	119	RE	285	C-210/20	16/04/2020	01/07/2020	11/08/2020	
2020	Agosto	120	RE	297	C-206/20	16/04/2020	25/06/2020	11/08/2020	
2020	Agosto	121	RE	281	C-247/20	16/04/2020	15/07/2020	11/08/2020	
2020	Agosto	122	RE	252	C-171/20	30/03/2020	10/06/2020	18/08/2020	
2020	Agosto	123	RE	279	C-240/20	16/04/2020	08/07/2020	18/08/2020	
2020	Agosto	124	RE	260	C-184/20	13/04/2020	17/06/2020	18/08/2020	
2020	Agosto	125	RE	236	C-162/20	24/03/2020	04/06/2020	18/08/2020	
2020	Agosto	126	RE	299	C-241/20	16/04/2020	08/07/2020	21/08/2020	
2020	Agosto	127	D	13469	C-132/20	26/08/2019	29/04/2020	24/08/2020	
2020	Agosto	128	D	13395	C-110/20	15/07/2019	11/03/2020	26/08/2020	
2020	Agosto	129	RE	286	C-237/20	16/04/2020	08/07/2020	31/08/2020	
2020	Septiembre	130	RE	262	C-174/20	13/04/2020	11/06/2020	04/09/2020	
2020	Septiembre	131	D	12261	C-519/19	21/07/2017	05/11/2019	04/09/2020	
2020	Septiembre	132	RE	249	C-185/20	30/03/2020	18/06/2020	04/09/2020	
2020	Septiembre	133	D	13341	C-093/20	12/06/2019	03/03/2020	04/09/2020	
2020	Septiembre	134	RE	270	C-181/20	13/04/2020	17/06/2020	04/09/2020	
2020	Septiembre	135	RE	301	C-257/20	16/04/2020	23/07/2020	04/09/2020	
2020	Septiembre	136	D	13337	C-040/20	12/06/2019	06/02/2020	07/09/2020	28/06/2019
2020	Septiembre	136	D	13339	C-040/20	12/06/2019	06/02/2020	07/09/2020	28/06/2019
2020	Septiembre	137	RE	289	C-238/20	16/04/2020	08/07/2020	08/09/2020	
2020	Septiembre	138	RE	259	C-254/20	03/04/2020	22/07/2020	09/09/2020	
2020	Septiembre	139	RE	303	C-256/20	16/04/2020	23/07/2020	14/09/2020	
2020	Septiembre	140	RE	251	C-201/20	30/03/2020	25/06/2020	14/09/2020	
2020	Septiembre	141	RE	282	C-209/20	16/04/2020	01/07/2020	14/09/2020	
2020	Septiembre	142	D	12060	C-118/20	17/04/2017	15/04/2020	15/09/2020	
2020	Septiembre	142	D	12070	C-118/20	17/04/2017	15/04/2020	15/09/2020	19/04/2017
2020	Septiembre	142	D	12073	C-118/20	17/04/2017	15/04/2020	15/09/2020	19/04/2017
2020	Septiembre	143	RE	304	C-251/20	16/04/2020	16/07/2020	15/09/2020	
2020	Septiembre	144	RE	277	C-255/20	15/04/2020	22/07/2020	15/09/2020	
2020	Septiembre	145	D	11972	C-523/19	15/02/2017	05/11/2019	15/09/2020	
2020	Septiembre	146	RE	326	C-326/20	05/06/2020	19/08/2020	17/09/2020	
2020	Septiembre	147	RE	240	C-179/20	24/03/2020	17/06/2020	21/09/2020	
2020	Septiembre	148	RE	261	C-187/20	13/04/2020	18/06/2020	21/09/2020	
2020	Septiembre	149	RE	242	C-151/20	24/03/2020	27/05/2020	21/09/2020	
2020	Septiembre	150	RE	283	C-208/20	16/04/2020	01/07/2020	22/09/2020	
2020	Septiembre	151	D	13439	C-133/20	06/08/2019	29/04/2020	22/09/2020	
2020	Septiembre	152	RE	325	C-330/20	05/06/2020	20/08/2020	24/09/2020	
2020	Septiembre	153	D	13426	C-379/20	31/07/2019	02/09/2020	25/09/2020	
2020	Octubre	154	RE	278	C-292/20	16/04/2020	05/08/2020	01/10/2020	
2020	Octubre	155	RE	320	C-351/20	04/06/2020	26/08/2020	01/10/2020	
2020	Octubre	156	RE	344	C-331/20	05/06/2020	20/08/2020	01/10/2020	
2020	Octubre	157	RE	322	C-325/20	05/06/2020	19/08/2020	01/10/2020	
2020	Octubre	158	RE	314	C-323/20	22/05/2020	19/08/2020	01/10/2020	
2020	Octubre	159	RE	315	C-380/20	26/05/2020	02/09/2020	02/10/2020	
2020	Octubre	160	RE	307	C-352/20	14/05/2020	26/08/2020	02/10/2020	
2020	Octubre	161	RE	318	C-378/20	04/06/2020	02/09/2020	02/10/2020	
2020	Octubre	162	D	13400	C-126/20	15/07/2019	22/04/2020	05/10/2020	
2020	Octubre	163	RE	330	C-393/20	05/06/2020	09/09/2020	06/10/2020	
2020	Octubre	164	RE	345	C-402/20	05/06/2020	16/09/2020	07/10/2020	
2020	Octubre	165	D	13338	C-069/20	12/06/2019	19/02/2020	08/10/2020	
2020	Octubre	166	D	13387	C-138/20	10/07/2019	06/05/2020	13/10/2020	
2020	Octubre	167	D	13147	C-567/19	08/03/2019	27/11/2019	15/10/2020	
2020	Octubre	168	RE	317	C-311/20	04/06/2020	13/08/2020	15/10/2020	
2020	Octubre	169	RE	343	C-406/20	05/06/2020	16/09/2020	16/10/2020	
2020	Octubre	170	RE	271	C-252/20	13/04/2020	16/07/2020	16/10/2020	
2020	Octubre	171	RE	300	C-294/20	16/04/2020	05/08/2020	19/10/2020	
2020	Octubre	172	D	13517	C-140/20	01/10/2019	06/05/2020	20/10/2020	
2020	Octubre	173	RE	323	C-410/20	05/06/2020	17/09/2020	20/10/2020	
2020	Octubre	174	D	13255	C-088/20	13/05/2019	02/03/2020	20/10/2020	
2020	Octubre	175	RE	331	C-395/20	05/06/2020	09/09/2020	21/10/2020	
2020	Octubre	176	RE	296	C-215/20	16/04/2020	02/07/2020	22/10/2020	
2020	Octubre	177	RE	332	C-408/20	05/06/2020	16/09/2020	22/10/2020	
2020	Octubre	178	RE	293	C-293/20	16/04/2020	05/08/2020	23/10/2020	
2020	Octubre	179	D	13455	C-332/20	14/08/2019	20/08/2020	28/10/2020	
2020	Octubre	180	RE	313	C-430/20	22/05/2020	30/09/2020	28/10/2020	
2020	Octubre	181	RE	309	C-418/20	14/05/2020	23/09/2020	28/10/2020	
2020	Noviembre	182	RE	339	C-382/20	05/06/2020	02/09/2020	03/11/2020	
2020	Noviembre	183	RE	316	C-419/20	01/06/2020	23/09/2020	05/11/2020	
2020	Noviembre	184	D	13535	C-431/20	11/10/2019	01/10/2020	09/11/2020	
2020	Noviembre	185	RE	327	C-383/20	05/06/2020	03/09/2020	11/11/2020	
2020	Noviembre	186	RE	337	C-396/20	05/06/2020	09/09/2020	11/11/2020	
2020	Noviembre	187	D	13089	C-327/20	01/02/2019	19/08/2020	12/11/2020	
2020	Noviembre	188	RE	274	C-180/20	14/04/2020	17/06/2020	12/11/2020	
2020	Noviembre	189	RE	305	C-307/20	07/05/2020	12/08/2020	19/11/2020	
2020	Noviembre	191	RE	341	C-404/20	05/06/2020	16/09/2020	20/11/2020	
2020	Noviembre	192	D	13510	C-440/20	27/09/2019	08/10/2020	20/11/2020	
2020	Noviembre	193	RE	280	C-195/20	16/04/2020	24/06/2020	20/11/2020	
2020	Noviembre	194	RE	288	C-196/20	16/04/2020	24/06/2020	20/11/2020	
2020	Noviembre	195	OG	160	C-349/20	30/05/2018	26/08/2020	23/11/2020	
2020	Noviembre	196	RE	333	C-420/20	05/06/2020	24/09/2020	24/11/2020	
2020	Noviembre	197	D	13251	C-457/20	10/05/2019	21/10/2020	24/11/2020	
2020	Noviembre	198	RE	310	C-350/20	15/05/2020	26/08/2020	25/11/2020	
2020	Diciembre	199	RE	257	C-178/20	02/04/2020	17/06/2020	01/12/2020	
2020	Diciembre	200	D	13417	C-450/20	24/07/2019	15/10/2020	02/12/2020	
2020	Diciembre	201	RE	319	C-405/20	04/06/2020	16/09/2020	04/12/2020	
2020	Diciembre	202	RE	334	C-394/20	05/06/2020	09/09/2020	04/12/2020	
2020	Diciembre	203	D	12992	C-594/19	06/11/2018	05/12/2019	07/12/2020	
2020	Diciembre	203	D	12994	C-594/19	06/11/2018	05/12/2019	07/12/2020	09/11/2018
2020	Diciembre	204	RE	335	C-381/20	05/06/2020	02/09/2020	07/12/2020	
2020	Diciembre	205	RE	241	C-169/20	24/03/2020	10/06/2020	09/12/2020	
2020	Diciembre	206	RE	258	C-186/20	03/04/2020	18/06/2020	09/12/2020	
2020	Diciembre	207	RE	346	C-310/20	05/06/2020	12/08/2020	10/12/2020	
2020	Diciembre	208	D	13563	C-466/20	31/10/2019	29/10/2020	10/12/2020	
2020	Diciembre	209	D	13456	C-472/20	14/08/2019	05/11/2020	10/12/2020	
2020	Diciembre	210	RE	336	C-309/20	05/06/2020	12/08/2020	10/12/2020	
2020	Diciembre	211	OG	158	C-451/20	26/04/2018	15/10/2020	14/12/2020	
2020	Diciembre	212	D	13406	C-097/20	18/07/2019	03/03/2020	14/12/2020	
2020	Diciembre	213	D	13512	C-429/20	27/09/2019	30/09/2020	14/12/2020	
2020	Diciembre	214	D	13621	C-480/20	03/12/2019	12/11/2020	14/12/2020	
2020	Diciembre	215	D	13440	C-427/20	06/08/2019	30/09/2020	15/12/2020	16/08/2019
2020	Diciembre	216	D	13452	C-485/20	13/08/2019	19/11/2020	15/12/2020	
2020	Diciembre	217	OG	162	C-558/19	13/09/2018	20/11/2019	18/12/2020	
2020	Diciembre	218	RE	329	C-308/20	05/06/2020	12/08/2020	18/12/2020	
2020	Diciembre	219	RE	340	C-397/20	05/06/2020	09/09/2020	18/12/2020	
2020	Diciembre	220	D	13553	C-456/20	24/10/2019	21/10/2020	18/12/2020	
